Academic Discipline,Year,Race & Ethnicity,Degrees Conferred (NCES population of institutions)
Mechanical Engineering,1995,Hispanic or Latino,977
Mechanical Engineering,1995,"American Indian or Alaska Native, non-Hispanic",62
Mechanical Engineering,1995,"Asian or Pacific Islander, non-Hispanic","1,691"
Mechanical Engineering,1995,"Black, non-Hispanic",707
Mechanical Engineering,1995,"White, non-Hispanic","14,043"
Mechanical Engineering,1995,Other or unknown race or ethnicity,496
Mechanical Engineering,1996,Hispanic or Latino,974
Mechanical Engineering,1996,"American Indian or Alaska Native, non-Hispanic",71
Mechanical Engineering,1996,"Asian or Pacific Islander, non-Hispanic","1,595"
Mechanical Engineering,1996,"Black, non-Hispanic",725
Mechanical Engineering,1996,"White, non-Hispanic","13,307"
Mechanical Engineering,1996,Other or unknown race or ethnicity,536
Mechanical Engineering,1997,Hispanic or Latino,968
Mechanical Engineering,1997,"American Indian or Alaska Native, non-Hispanic",58
Mechanical Engineering,1997,"Asian or Pacific Islander, non-Hispanic","1,496"
Mechanical Engineering,1997,"Black, non-Hispanic",765
Mechanical Engineering,1997,"White, non-Hispanic","12,363"
Mechanical Engineering,1997,Other or unknown race or ethnicity,457
Mechanical Engineering,1998,Hispanic or Latino,"1,014"
Mechanical Engineering,1998,"American Indian or Alaska Native, non-Hispanic",61
Mechanical Engineering,1998,"Asian or Pacific Islander, non-Hispanic","1,473"
Mechanical Engineering,1998,"Black, non-Hispanic",656
Mechanical Engineering,1998,"White, non-Hispanic","11,939"
Mechanical Engineering,1998,Other or unknown race or ethnicity,452
Mechanical Engineering,1999,Hispanic or Latino,980
Mechanical Engineering,1999,"American Indian or Alaska Native, non-Hispanic",83
Mechanical Engineering,1999,"Asian or Pacific Islander, non-Hispanic","1,363"
Mechanical Engineering,1999,"Black, non-Hispanic",689
Mechanical Engineering,1999,"White, non-Hispanic","11,566"
Mechanical Engineering,1999,Other or unknown race or ethnicity,432
Mechanical Engineering,2000,Hispanic or Latino,977
Mechanical Engineering,2000,"American Indian or Alaska Native, non-Hispanic",61
Mechanical Engineering,2000,"Asian or Pacific Islander, non-Hispanic","1,341"
Mechanical Engineering,2000,"Black, non-Hispanic",711
Mechanical Engineering,2000,"White, non-Hispanic","11,451"
Mechanical Engineering,2000,Other or unknown race or ethnicity,502
Mechanical Engineering,2001,Hispanic or Latino,"1,008"
Mechanical Engineering,2001,"American Indian or Alaska Native, non-Hispanic",61
Mechanical Engineering,2001,"Asian or Pacific Islander, non-Hispanic","1,433"
Mechanical Engineering,2001,"Black, non-Hispanic",622
Mechanical Engineering,2001,"White, non-Hispanic","11,460"
Mechanical Engineering,2001,Other or unknown race or ethnicity,567
Mechanical Engineering,2002,Hispanic or Latino,941
Mechanical Engineering,2002,"American Indian or Alaska Native, non-Hispanic",69
Mechanical Engineering,2002,"Asian or Pacific Islander, non-Hispanic","1,258"
Mechanical Engineering,2002,"Black, non-Hispanic",649
Mechanical Engineering,2002,"White, non-Hispanic","11,758"
Mechanical Engineering,2002,Other or unknown race or ethnicity,657
Mechanical Engineering,2003,Hispanic or Latino,"1,100"
Mechanical Engineering,2003,"American Indian or Alaska Native, non-Hispanic",68
Mechanical Engineering,2003,"Asian or Pacific Islander, non-Hispanic","1,249"
Mechanical Engineering,2003,"Black, non-Hispanic",563
Mechanical Engineering,2003,"White, non-Hispanic","12,473"
Mechanical Engineering,2003,Other or unknown race or ethnicity,672
Mechanical Engineering,2004,Hispanic or Latino,"1,125"
Mechanical Engineering,2004,"American Indian or Alaska Native, non-Hispanic",95
Mechanical Engineering,2004,"Asian or Pacific Islander, non-Hispanic","1,330"
Mechanical Engineering,2004,"Black, non-Hispanic",607
Mechanical Engineering,2004,"White, non-Hispanic","12,876"
Mechanical Engineering,2004,Other or unknown race or ethnicity,763
Mechanical Engineering,2005,Hispanic or Latino,"1,142"
Mechanical Engineering,2005,"American Indian or Alaska Native, non-Hispanic",80
Mechanical Engineering,2005,"Asian or Pacific Islander, non-Hispanic","1,453"
Mechanical Engineering,2005,"Black, non-Hispanic",631
Mechanical Engineering,2005,"White, non-Hispanic","13,322"
Mechanical Engineering,2005,Other or unknown race or ethnicity,902
Mechanical Engineering,2006,Hispanic or Latino,"1,232"
Mechanical Engineering,2006,"American Indian or Alaska Native, non-Hispanic",104
Mechanical Engineering,2006,"Asian or Pacific Islander, non-Hispanic","1,684"
Mechanical Engineering,2006,"Black, non-Hispanic",670
Mechanical Engineering,2006,"White, non-Hispanic","14,184"
Mechanical Engineering,2006,Other or unknown race or ethnicity,983
Mechanical Engineering,2007,Hispanic or Latino,"1,361"
Mechanical Engineering,2007,"American Indian or Alaska Native, non-Hispanic",84
Mechanical Engineering,2007,"Asian or Pacific Islander, non-Hispanic","1,821"
Mechanical Engineering,2007,"Black, non-Hispanic",673
Mechanical Engineering,2007,"White, non-Hispanic","14,643"
Mechanical Engineering,2007,Other or unknown race or ethnicity,995
Mechanical Engineering,2008,Hispanic or Latino,"1,501"
Mechanical Engineering,2008,"American Indian or Alaska Native, non-Hispanic",95
Mechanical Engineering,2008,"Asian or Pacific Islander, non-Hispanic","1,911"
Mechanical Engineering,2008,"Black, non-Hispanic",691
Mechanical Engineering,2008,"White, non-Hispanic","15,189"
Mechanical Engineering,2008,Other or unknown race or ethnicity,"1,160"
Mechanical Engineering,2009,Hispanic or Latino,"1,424"
Mechanical Engineering,2009,"American Indian or Alaska Native, non-Hispanic",99
Mechanical Engineering,2009,"Asian or Pacific Islander, non-Hispanic","1,909"
Mechanical Engineering,2009,"Black, non-Hispanic",648
Mechanical Engineering,2009,"White, non-Hispanic","15,218"
Mechanical Engineering,2009,Other or unknown race or ethnicity,"1,181"
Mechanical Engineering,2010,Hispanic or Latino,"1,708"
Mechanical Engineering,2010,"American Indian or Alaska Native, non-Hispanic",102
Mechanical Engineering,2010,"Asian or Pacific Islander, non-Hispanic","1,989"
Mechanical Engineering,2010,"Black, non-Hispanic",659
Mechanical Engineering,2010,"White, non-Hispanic","16,049"
Mechanical Engineering,2010,Other or unknown race or ethnicity,"1,333"
Mechanical Engineering,2011,Hispanic or Latino,"1,810"
Mechanical Engineering,2011,"American Indian or Alaska Native, non-Hispanic",101
Mechanical Engineering,2011,"Asian or Pacific Islander, non-Hispanic","2,142"
Mechanical Engineering,2011,"Black, non-Hispanic",705
Mechanical Engineering,2011,"White, non-Hispanic","16,650"
Mechanical Engineering,2011,Other or unknown race or ethnicity,"1,617"
Mechanical Engineering,2012,Hispanic or Latino,"2,054"
Mechanical Engineering,2012,"American Indian or Alaska Native, non-Hispanic",93
Mechanical Engineering,2012,"Asian or Pacific Islander, non-Hispanic","2,219"
Mechanical Engineering,2012,"Black, non-Hispanic",758
Mechanical Engineering,2012,"White, non-Hispanic","17,664"
Mechanical Engineering,2012,Other or unknown race or ethnicity,"1,598"
Mechanical Engineering,2013,Hispanic or Latino,"2,337"
Mechanical Engineering,2013,"American Indian or Alaska Native, non-Hispanic",95
Mechanical Engineering,2013,"Asian or Pacific Islander, non-Hispanic","2,450"
Mechanical Engineering,2013,"Black, non-Hispanic",827
Mechanical Engineering,2013,"White, non-Hispanic","18,321"
Mechanical Engineering,2013,Other or unknown race or ethnicity,"1,695"
Mechanical Engineering,2014,Hispanic or Latino,"2,718"
Mechanical Engineering,2014,"American Indian or Alaska Native, non-Hispanic",79
Mechanical Engineering,2014,"Asian or Pacific Islander, non-Hispanic","2,543"
Mechanical Engineering,2014,"Black, non-Hispanic",806
Mechanical Engineering,2014,"White, non-Hispanic","19,867"
Mechanical Engineering,2014,Other or unknown race or ethnicity,"1,943"
Mechanical Engineering,2015,Hispanic or Latino,"3,176"
Mechanical Engineering,2015,"American Indian or Alaska Native, non-Hispanic",106
Mechanical Engineering,2015,"Asian or Pacific Islander, non-Hispanic","2,699"
Mechanical Engineering,2015,"Black, non-Hispanic",941
Mechanical Engineering,2015,"White, non-Hispanic","20,933"
Mechanical Engineering,2015,Other or unknown race or ethnicity,"2,104"
Physics,1995,Hispanic or Latino,163
Physics,1995,"American Indian or Alaska Native, non-Hispanic",18
Physics,1995,"Asian or Pacific Islander, non-Hispanic",477
Physics,1995,"Black, non-Hispanic",229
Physics,1995,"White, non-Hispanic","4,688"
Physics,1995,Other or unknown race or ethnicity,200
Physics,1996,Hispanic or Latino,186
Physics,1996,"American Indian or Alaska Native, non-Hispanic",27
Physics,1996,"Asian or Pacific Islander, non-Hispanic",446
Physics,1996,"Black, non-Hispanic",224
Physics,1996,"White, non-Hispanic","4,470"
Physics,1996,Other or unknown race or ethnicity,255
Physics,1997,Hispanic or Latino,188
Physics,1997,"American Indian or Alaska Native, non-Hispanic",16
Physics,1997,"Asian or Pacific Islander, non-Hispanic",404
Physics,1997,"Black, non-Hispanic",207
Physics,1997,"White, non-Hispanic","4,111"
Physics,1997,Other or unknown race or ethnicity,213
Physics,1998,Hispanic or Latino,240
Physics,1998,"American Indian or Alaska Native, non-Hispanic",23
Physics,1998,"Asian or Pacific Islander, non-Hispanic",373
Physics,1998,"Black, non-Hispanic",233
Physics,1998,"White, non-Hispanic","4,080"
Physics,1998,Other or unknown race or ethnicity,220
Physics,1999,Hispanic or Latino,254
Physics,1999,"American Indian or Alaska Native, non-Hispanic",23
Physics,1999,"Asian or Pacific Islander, non-Hispanic",345
Physics,1999,"Black, non-Hispanic",206
Physics,1999,"White, non-Hispanic","3,848"
Physics,1999,Other or unknown race or ethnicity,214
Physics,2000,Hispanic or Latino,255
Physics,2000,"American Indian or Alaska Native, non-Hispanic",15
Physics,2000,"Asian or Pacific Islander, non-Hispanic",347
Physics,2000,"Black, non-Hispanic",218
Physics,2000,"White, non-Hispanic","3,771"
Physics,2000,Other or unknown race or ethnicity,258
Physics,2001,Hispanic or Latino,277
Physics,2001,"American Indian or Alaska Native, non-Hispanic",23
Physics,2001,"Asian or Pacific Islander, non-Hispanic",326
Physics,2001,"Black, non-Hispanic",191
Physics,2001,"White, non-Hispanic","3,853"
Physics,2001,Other or unknown race or ethnicity,275
Physics,2002,Hispanic or Latino,299
Physics,2002,"American Indian or Alaska Native, non-Hispanic",27
Physics,2002,"Asian or Pacific Islander, non-Hispanic",317
Physics,2002,"Black, non-Hispanic",242
Physics,2002,"White, non-Hispanic","3,916"
Physics,2002,Other or unknown race or ethnicity,301
Physics,2003,Hispanic or Latino,285
Physics,2003,"American Indian or Alaska Native, non-Hispanic",25
Physics,2003,"Asian or Pacific Islander, non-Hispanic",343
Physics,2003,"Black, non-Hispanic",205
Physics,2003,"White, non-Hispanic","4,139"
Physics,2003,Other or unknown race or ethnicity,402
Physics,2004,Hispanic or Latino,296
Physics,2004,"American Indian or Alaska Native, non-Hispanic",28
Physics,2004,"Asian or Pacific Islander, non-Hispanic",371
Physics,2004,"Black, non-Hispanic",209
Physics,2004,"White, non-Hispanic","4,468"
Physics,2004,Other or unknown race or ethnicity,399
Physics,2005,Hispanic or Latino,310
Physics,2005,"American Indian or Alaska Native, non-Hispanic",39
Physics,2005,"Asian or Pacific Islander, non-Hispanic",401
Physics,2005,"Black, non-Hispanic",223
Physics,2005,"White, non-Hispanic","4,492"
Physics,2005,Other or unknown race or ethnicity,463
Physics,2006,Hispanic or Latino,313
Physics,2006,"American Indian or Alaska Native, non-Hispanic",31
Physics,2006,"Asian or Pacific Islander, non-Hispanic",436
Physics,2006,"Black, non-Hispanic",238
Physics,2006,"White, non-Hispanic","4,803"
Physics,2006,Other or unknown race or ethnicity,477
Physics,2007,Hispanic or Latino,363
Physics,2007,"American Indian or Alaska Native, non-Hispanic",34
Physics,2007,"Asian or Pacific Islander, non-Hispanic",503
Physics,2007,"Black, non-Hispanic",230
Physics,2007,"White, non-Hispanic","4,998"
Physics,2007,Other or unknown race or ethnicity,565
Physics,2008,Hispanic or Latino,334
Physics,2008,"American Indian or Alaska Native, non-Hispanic",31
Physics,2008,"Asian or Pacific Islander, non-Hispanic",466
Physics,2008,"Black, non-Hispanic",198
Physics,2008,"White, non-Hispanic","5,095"
Physics,2008,Other or unknown race or ethnicity,607
Physics,2009,Hispanic or Latino,374
Physics,2009,"American Indian or Alaska Native, non-Hispanic",45
Physics,2009,"Asian or Pacific Islander, non-Hispanic",444
Physics,2009,"Black, non-Hispanic",200
Physics,2009,"White, non-Hispanic","5,070"
Physics,2009,Other or unknown race or ethnicity,551
Physics,2010,Hispanic or Latino,438
Physics,2010,"American Indian or Alaska Native, non-Hispanic",41
Physics,2010,"Asian or Pacific Islander, non-Hispanic",484
Physics,2010,"Black, non-Hispanic",202
Physics,2010,"White, non-Hispanic","5,219"
Physics,2010,Other or unknown race or ethnicity,687
Physics,2011,Hispanic or Latino,445
Physics,2011,"American Indian or Alaska Native, non-Hispanic",39
Physics,2011,"Asian or Pacific Islander, non-Hispanic",521
Physics,2011,"Black, non-Hispanic",229
Physics,2011,"White, non-Hispanic","5,427"
Physics,2011,Other or unknown race or ethnicity,693
Physics,2012,Hispanic or Latino,534
Physics,2012,"American Indian or Alaska Native, non-Hispanic",30
Physics,2012,"Asian or Pacific Islander, non-Hispanic",571
Physics,2012,"Black, non-Hispanic",206
Physics,2012,"White, non-Hispanic","5,700"
Physics,2012,Other or unknown race or ethnicity,708
Physics,2013,Hispanic or Latino,678
Physics,2013,"American Indian or Alaska Native, non-Hispanic",34
Physics,2013,"Asian or Pacific Islander, non-Hispanic",669
Physics,2013,"Black, non-Hispanic",221
Physics,2013,"White, non-Hispanic","6,168"
Physics,2013,Other or unknown race or ethnicity,722
Physics,2014,Hispanic or Latino,739
Physics,2014,"American Indian or Alaska Native, non-Hispanic",37
Physics,2014,"Asian or Pacific Islander, non-Hispanic",670
Physics,2014,"Black, non-Hispanic",249
Physics,2014,"White, non-Hispanic","6,338"
Physics,2014,Other or unknown race or ethnicity,687
Physics,2015,Hispanic or Latino,925
Physics,2015,"American Indian or Alaska Native, non-Hispanic",22
Physics,2015,"Asian or Pacific Islander, non-Hispanic",777
Physics,2015,"Black, non-Hispanic",241
Physics,2015,"White, non-Hispanic","6,616"
Physics,2015,Other or unknown race or ethnicity,775
Computer Science,1977,Hispanic or Latino,160
Computer Science,1977,"American Indian or Alaska Native, non-Hispanic",19
Computer Science,1977,"Asian or Pacific Islander, non-Hispanic",280
Computer Science,1977,"Black, non-Hispanic",429
Computer Science,1977,"White, non-Hispanic","7,876"
Computer Science,1979,Hispanic or Latino,233
Computer Science,1979,"American Indian or Alaska Native, non-Hispanic",27
Computer Science,1979,"Asian or Pacific Islander, non-Hispanic",420
Computer Science,1979,"Black, non-Hispanic",576
Computer Science,1979,"White, non-Hispanic","9,852"
Computer Science,1979,Other or unknown race or ethnicity,63
Computer Science,1981,Hispanic or Latino,473
Computer Science,1981,"American Indian or Alaska Native, non-Hispanic",34
Computer Science,1981,"Asian or Pacific Islander, non-Hispanic",962
Computer Science,1981,"Black, non-Hispanic",857
Computer Science,1981,"White, non-Hispanic","15,568"
Computer Science,1981,Other or unknown race or ethnicity,76
Computer Science,1985,Hispanic or Latino,"1,994"
Computer Science,1985,"American Indian or Alaska Native, non-Hispanic",242
Computer Science,1985,"Asian or Pacific Islander, non-Hispanic","3,213"
Computer Science,1985,"Black, non-Hispanic","3,515"
Computer Science,1985,"White, non-Hispanic","47,608"
Computer Science,1985,Other or unknown race or ethnicity,"1,913"
Computer Science,1987,Hispanic or Latino,"2,221"
Computer Science,1987,"American Indian or Alaska Native, non-Hispanic",199
Computer Science,1987,"Asian or Pacific Islander, non-Hispanic","3,825"
Computer Science,1987,"Black, non-Hispanic","4,294"
Computer Science,1987,"White, non-Hispanic","43,125"
Computer Science,1987,Other or unknown race or ethnicity,"2,408"
Computer Science,1989,Hispanic or Latino,"2,063"
Computer Science,1989,"American Indian or Alaska Native, non-Hispanic",203
Computer Science,1989,"Asian or Pacific Islander, non-Hispanic","3,657"
Computer Science,1989,"Black, non-Hispanic","3,811"
Computer Science,1989,"White, non-Hispanic","34,053"
Computer Science,1989,Other or unknown race or ethnicity,"2,931"
Computer Science,1990,Hispanic or Latino,"2,016"
Computer Science,1990,"American Indian or Alaska Native, non-Hispanic",189
Computer Science,1990,"Asian or Pacific Islander, non-Hispanic","3,657"
Computer Science,1990,"Black, non-Hispanic","3,921"
Computer Science,1990,"White, non-Hispanic","31,345"
Computer Science,1990,Other or unknown race or ethnicity,"5,581"
Computer Science,1991,Hispanic or Latino,"2,548"
Computer Science,1991,"American Indian or Alaska Native, non-Hispanic",248
Computer Science,1991,"Asian or Pacific Islander, non-Hispanic","3,598"
Computer Science,1991,"Black, non-Hispanic","3,998"
Computer Science,1991,"White, non-Hispanic","31,400"
Computer Science,1991,Other or unknown race or ethnicity,"1,682"
Computer Science,1992,Hispanic or Latino,"2,717"
Computer Science,1992,"American Indian or Alaska Native, non-Hispanic",220
Computer Science,1992,"Asian or Pacific Islander, non-Hispanic","3,989"
Computer Science,1992,"Black, non-Hispanic","4,379"
Computer Science,1992,"White, non-Hispanic","30,752"
Computer Science,1992,Other or unknown race or ethnicity,"2,147"
Computer Science,1993,Hispanic or Latino,"3,095"
Computer Science,1993,"American Indian or Alaska Native, non-Hispanic",243
Computer Science,1993,"Asian or Pacific Islander, non-Hispanic","4,166"
Computer Science,1993,"Black, non-Hispanic","4,619"
Computer Science,1993,"White, non-Hispanic","30,953"
Computer Science,1993,Other or unknown race or ethnicity,"2,100"
Computer Science,1994,Hispanic or Latino,"2,949"
Computer Science,1994,"American Indian or Alaska Native, non-Hispanic",252
Computer Science,1994,"Asian or Pacific Islander, non-Hispanic","4,206"
Computer Science,1994,"Black, non-Hispanic","4,611"
Computer Science,1994,"White, non-Hispanic","29,686"
Computer Science,1994,Other or unknown race or ethnicity,"3,071"
Computer Science,1995,Hispanic or Latino,"3,373"
Computer Science,1995,"American Indian or Alaska Native, non-Hispanic",300
Computer Science,1995,"Asian or Pacific Islander, non-Hispanic","4,518"
Computer Science,1995,"Black, non-Hispanic","4,739"
Computer Science,1995,"White, non-Hispanic","30,312"
Computer Science,1995,Other or unknown race or ethnicity,"3,748"
Computer Science,1996,Hispanic or Latino,"3,578"
Computer Science,1996,"American Indian or Alaska Native, non-Hispanic",416
Computer Science,1996,"Asian or Pacific Islander, non-Hispanic","4,867"
Computer Science,1996,"Black, non-Hispanic","5,512"
Computer Science,1996,"White, non-Hispanic","31,779"
Computer Science,1996,Other or unknown race or ethnicity,"1,968"
Computer Science,1997,Hispanic or Latino,"3,530"
Computer Science,1997,"American Indian or Alaska Native, non-Hispanic",378
Computer Science,1997,"Asian or Pacific Islander, non-Hispanic","5,476"
Computer Science,1997,"Black, non-Hispanic","5,772"
Computer Science,1997,"White, non-Hispanic","33,768"
Computer Science,1997,Other or unknown race or ethnicity,"1,968"
Computer Science,1998,Hispanic or Latino,"4,101"
Computer Science,1998,"American Indian or Alaska Native, non-Hispanic",467
Computer Science,1998,"Asian or Pacific Islander, non-Hispanic","6,618"
Computer Science,1998,"Black, non-Hispanic","6,707"
Computer Science,1998,"White, non-Hispanic","37,307"
Computer Science,1998,Other or unknown race or ethnicity,"2,796"
Computer Science,1999,Hispanic or Latino,"5,047"
Computer Science,1999,"American Indian or Alaska Native, non-Hispanic",584
Computer Science,1999,"Asian or Pacific Islander, non-Hispanic","8,052"
Computer Science,1999,"Black, non-Hispanic","7,775"
Computer Science,1999,"White, non-Hispanic","43,906"
Computer Science,1999,Other or unknown race or ethnicity,"3,396"
Computer Science,2000,Hispanic or Latino,"6,825"
Computer Science,2000,"American Indian or Alaska Native, non-Hispanic",649
Computer Science,2000,"Asian or Pacific Islander, non-Hispanic","10,934"
Computer Science,2000,"Black, non-Hispanic","10,190"
Computer Science,2000,"White, non-Hispanic","54,565"
Computer Science,2000,Other or unknown race or ethnicity,"4,452"
Computer Science,2001,Hispanic or Latino,"7,764"
Computer Science,2001,"American Indian or Alaska Native, non-Hispanic",876
Computer Science,2001,"Asian or Pacific Islander, non-Hispanic","12,332"
Computer Science,2001,"Black, non-Hispanic","11,961"
Computer Science,2001,"White, non-Hispanic","62,437"
Computer Science,2001,Other or unknown race or ethnicity,"5,554"
Computer Science,2002,Hispanic or Latino,"8,638"
Computer Science,2002,"American Indian or Alaska Native, non-Hispanic",928
Computer Science,2002,"Asian or Pacific Islander, non-Hispanic","13,734"
Computer Science,2002,"Black, non-Hispanic","13,716"
Computer Science,2002,"White, non-Hispanic","68,549"
Computer Science,2002,Other or unknown race or ethnicity,"6,926"
Computer Science,2003,Hispanic or Latino,"11,048"
Computer Science,2003,"American Indian or Alaska Native, non-Hispanic",981
Computer Science,2003,"Asian or Pacific Islander, non-Hispanic","15,503"
Computer Science,2003,"Black, non-Hispanic","18,045"
Computer Science,2003,"White, non-Hispanic","79,486"
Computer Science,2003,Other or unknown race or ethnicity,"9,039"
Computer Science,2004,Hispanic or Latino,"10,556"
Computer Science,2004,"American Indian or Alaska Native, non-Hispanic","1,103"
Computer Science,2004,"Asian or Pacific Islander, non-Hispanic","14,075"
Computer Science,2004,"Black, non-Hispanic","16,865"
Computer Science,2004,"White, non-Hispanic","74,993"
Computer Science,2004,Other or unknown race or ethnicity,"11,141"
Computer Science,2005,Hispanic or Latino,"9,683"
Computer Science,2005,"American Indian or Alaska Native, non-Hispanic",843
Computer Science,2005,"Asian or Pacific Islander, non-Hispanic","11,588"
Computer Science,2005,"Black, non-Hispanic","14,976"
Computer Science,2005,"White, non-Hispanic","67,600"
Computer Science,2005,Other or unknown race or ethnicity,"9,784"
Computer Science,2006,Hispanic or Latino,"8,581"
Computer Science,2006,"American Indian or Alaska Native, non-Hispanic",799
Computer Science,2006,"Asian or Pacific Islander, non-Hispanic","8,784"
Computer Science,2006,"Black, non-Hispanic","13,177"
Computer Science,2006,"White, non-Hispanic","60,192"
Computer Science,2006,Other or unknown race or ethnicity,"8,948"
Computer Science,2007,Hispanic or Latino,"7,840"
Computer Science,2007,"American Indian or Alaska Native, non-Hispanic",686
Computer Science,2007,"Asian or Pacific Islander, non-Hispanic","7,327"
Computer Science,2007,"Black, non-Hispanic","11,447"
Computer Science,2007,"White, non-Hispanic","55,028"
Computer Science,2007,Other or unknown race or ethnicity,"7,895"
Computer Science,2008,Hispanic or Latino,"7,789"
Computer Science,2008,"American Indian or Alaska Native, non-Hispanic",711
Computer Science,2008,"Asian or Pacific Islander, non-Hispanic","6,696"
Computer Science,2008,"Black, non-Hispanic","11,227"
Computer Science,2008,"White, non-Hispanic","53,473"
Computer Science,2008,Other or unknown race or ethnicity,"8,472"
Computer Science,2009,Hispanic or Latino,"8,500"
Computer Science,2009,"American Indian or Alaska Native, non-Hispanic",708
Computer Science,2009,"Asian or Pacific Islander, non-Hispanic","6,712"
Computer Science,2009,"Black, non-Hispanic","11,524"
Computer Science,2009,"White, non-Hispanic","55,243"
Computer Science,2009,Other or unknown race or ethnicity,"8,746"
Computer Science,2010,Hispanic or Latino,"9,924"
Computer Science,2010,"American Indian or Alaska Native, non-Hispanic",803
Computer Science,2010,"Asian or Pacific Islander, non-Hispanic","6,982"
Computer Science,2010,"Black, non-Hispanic","12,742"
Computer Science,2010,"White, non-Hispanic","58,203"
Computer Science,2010,Other or unknown race or ethnicity,"9,982"
Computer Science,2011,Hispanic or Latino,"10,599"
Computer Science,2011,"American Indian or Alaska Native, non-Hispanic",797
Computer Science,2011,"Asian or Pacific Islander, non-Hispanic","7,924"
Computer Science,2011,"Black, non-Hispanic","14,221"
Computer Science,2011,"White, non-Hispanic","65,315"
Computer Science,2011,Other or unknown race or ethnicity,"11,859"
Computer Science,2012,Hispanic or Latino,"12,121"
Computer Science,2012,"American Indian or Alaska Native, non-Hispanic",850
Computer Science,2012,"Asian or Pacific Islander, non-Hispanic","8,566"
Computer Science,2012,"Black, non-Hispanic","14,792"
Computer Science,2012,"White, non-Hispanic","68,703"
Computer Science,2012,Other or unknown race or ethnicity,"14,969"
Computer Science,2013,Hispanic or Latino,"13,607"
Computer Science,2013,"American Indian or Alaska Native, non-Hispanic",878
Computer Science,2013,"Asian or Pacific Islander, non-Hispanic","9,876"
Computer Science,2013,"Black, non-Hispanic","16,568"
Computer Science,2013,"White, non-Hispanic","72,979"
Computer Science,2013,Other or unknown race or ethnicity,"12,115"
Computer Science,2014,Hispanic or Latino,"14,978"
Computer Science,2014,"American Indian or Alaska Native, non-Hispanic",956
Computer Science,2014,"Asian or Pacific Islander, non-Hispanic","11,253"
Computer Science,2014,"Black, non-Hispanic","17,371"
Computer Science,2014,"White, non-Hispanic","76,436"
Computer Science,2014,Other or unknown race or ethnicity,"12,791"
Computer Science,2015,Hispanic or Latino,"16,190"
Computer Science,2015,"American Indian or Alaska Native, non-Hispanic",869
Computer Science,2015,"Asian or Pacific Islander, non-Hispanic","12,688"
Computer Science,2015,"Black, non-Hispanic","17,821"
Computer Science,2015,"White, non-Hispanic","78,308"
Computer Science,2015,Other or unknown race or ethnicity,"12,010"
Biological Sciences,1977,Hispanic or Latino,"1,703"
Biological Sciences,1977,"American Indian or Alaska Native, non-Hispanic",187
Biological Sciences,1977,"Asian or Pacific Islander, non-Hispanic","1,585"
Biological Sciences,1977,"Black, non-Hispanic","2,673"
Biological Sciences,1977,"White, non-Hispanic","56,732"
Biological Sciences,1977,Other or unknown race or ethnicity,23
Biological Sciences,1979,Hispanic or Latino,"1,974"
Biological Sciences,1979,"American Indian or Alaska Native, non-Hispanic",171
Biological Sciences,1979,"Asian or Pacific Islander, non-Hispanic","1,796"
Biological Sciences,1979,"Black, non-Hispanic","2,755"
Biological Sciences,1979,"White, non-Hispanic","51,598"
Biological Sciences,1979,Other or unknown race or ethnicity,15
Biological Sciences,1981,Hispanic or Latino,"2,100"
Biological Sciences,1981,"American Indian or Alaska Native, non-Hispanic",160
Biological Sciences,1981,"Asian or Pacific Islander, non-Hispanic","1,778"
Biological Sciences,1981,"Black, non-Hispanic","2,505"
Biological Sciences,1981,"White, non-Hispanic","45,682"
Biological Sciences,1985,Hispanic or Latino,"2,415"
Biological Sciences,1985,"American Indian or Alaska Native, non-Hispanic",191
Biological Sciences,1985,"Asian or Pacific Islander, non-Hispanic","2,291"
Biological Sciences,1985,"Black, non-Hispanic","2,344"
Biological Sciences,1985,"White, non-Hispanic","39,369"
Biological Sciences,1985,Other or unknown race or ethnicity,854
Biological Sciences,1987,Hispanic or Latino,"2,484"
Biological Sciences,1987,"American Indian or Alaska Native, non-Hispanic",177
Biological Sciences,1987,"Asian or Pacific Islander, non-Hispanic","2,956"
Biological Sciences,1987,"Black, non-Hispanic","2,216"
Biological Sciences,1987,"White, non-Hispanic","37,664"
Biological Sciences,1987,Other or unknown race or ethnicity,"1,342"
Biological Sciences,1989,Hispanic or Latino,"2,356"
Biological Sciences,1989,"American Indian or Alaska Native, non-Hispanic",191
Biological Sciences,1989,"Asian or Pacific Islander, non-Hispanic","3,360"
Biological Sciences,1989,"Black, non-Hispanic","2,160"
Biological Sciences,1989,"White, non-Hispanic","35,518"
Biological Sciences,1989,Other or unknown race or ethnicity,901
Biological Sciences,1990,Hispanic or Latino,"2,425"
Biological Sciences,1990,"American Indian or Alaska Native, non-Hispanic",161
Biological Sciences,1990,"Asian or Pacific Islander, non-Hispanic","3,742"
Biological Sciences,1990,"Black, non-Hispanic","2,225"
Biological Sciences,1990,"White, non-Hispanic","35,941"
Biological Sciences,1990,Other or unknown race or ethnicity,"1,228"
Biological Sciences,1991,Hispanic or Latino,"2,600"
Biological Sciences,1991,"American Indian or Alaska Native, non-Hispanic",216
Biological Sciences,1991,"Asian or Pacific Islander, non-Hispanic","4,122"
Biological Sciences,1991,"Black, non-Hispanic","2,353"
Biological Sciences,1991,"White, non-Hispanic","37,214"
Biological Sciences,1991,Other or unknown race or ethnicity,"1,199"
Biological Sciences,1992,Hispanic or Latino,"2,841"
Biological Sciences,1992,"American Indian or Alaska Native, non-Hispanic",219
Biological Sciences,1992,"Asian or Pacific Islander, non-Hispanic","5,047"
Biological Sciences,1992,"Black, non-Hispanic","2,666"
Biological Sciences,1992,"White, non-Hispanic","39,762"
Biological Sciences,1992,Other or unknown race or ethnicity,"1,184"
Biological Sciences,1993,Hispanic or Latino,"3,054"
Biological Sciences,1993,"American Indian or Alaska Native, non-Hispanic",267
Biological Sciences,1993,"Asian or Pacific Islander, non-Hispanic","5,831"
Biological Sciences,1993,"Black, non-Hispanic","3,033"
Biological Sciences,1993,"White, non-Hispanic","42,137"
Biological Sciences,1993,Other or unknown race or ethnicity,"1,211"
Biological Sciences,1994,Hispanic or Latino,"3,352"
Biological Sciences,1994,"American Indian or Alaska Native, non-Hispanic",310
Biological Sciences,1994,"Asian or Pacific Islander, non-Hispanic","6,767"
Biological Sciences,1994,"Black, non-Hispanic","3,282"
Biological Sciences,1994,"White, non-Hispanic","45,647"
Biological Sciences,1994,Other or unknown race or ethnicity,"1,412"
Biological Sciences,1995,Hispanic or Latino,"3,584"
Biological Sciences,1995,"American Indian or Alaska Native, non-Hispanic",349
Biological Sciences,1995,"Asian or Pacific Islander, non-Hispanic","8,095"
Biological Sciences,1995,"Black, non-Hispanic","3,632"
Biological Sciences,1995,"White, non-Hispanic","48,754"
Biological Sciences,1995,Other or unknown race or ethnicity,"1,673"
Biological Sciences,1996,Hispanic or Latino,"4,085"
Biological Sciences,1996,"American Indian or Alaska Native, non-Hispanic",396
Biological Sciences,1996,"Asian or Pacific Islander, non-Hispanic","9,242"
Biological Sciences,1996,"Black, non-Hispanic","4,210"
Biological Sciences,1996,"White, non-Hispanic","52,507"
Biological Sciences,1996,Other or unknown race or ethnicity,"1,926"
Biological Sciences,1997,Hispanic or Latino,"4,428"
Biological Sciences,1997,"American Indian or Alaska Native, non-Hispanic",424
Biological Sciences,1997,"Asian or Pacific Islander, non-Hispanic","9,887"
Biological Sciences,1997,"Black, non-Hispanic","4,619"
Biological Sciences,1997,"White, non-Hispanic","54,409"
Biological Sciences,1997,Other or unknown race or ethnicity,"2,042"
Biological Sciences,1998,Hispanic or Latino,"4,908"
Biological Sciences,1998,"American Indian or Alaska Native, non-Hispanic",468
Biological Sciences,1998,"Asian or Pacific Islander, non-Hispanic","10,157"
Biological Sciences,1998,"Black, non-Hispanic","5,003"
Biological Sciences,1998,"White, non-Hispanic","54,583"
Biological Sciences,1998,Other or unknown race or ethnicity,"2,182"
Biological Sciences,1999,Hispanic or Latino,"5,058"
Biological Sciences,1999,"American Indian or Alaska Native, non-Hispanic",505
Biological Sciences,1999,"Asian or Pacific Islander, non-Hispanic","9,797"
Biological Sciences,1999,"Black, non-Hispanic","5,238"
Biological Sciences,1999,"White, non-Hispanic","53,333"
Biological Sciences,1999,Other or unknown race or ethnicity,"2,736"
Biological Sciences,2000,Hispanic or Latino,"5,068"
Biological Sciences,2000,"American Indian or Alaska Native, non-Hispanic",454
Biological Sciences,2000,"Asian or Pacific Islander, non-Hispanic","9,189"
Biological Sciences,2000,"Black, non-Hispanic","5,214"
Biological Sciences,2000,"White, non-Hispanic","52,090"
Biological Sciences,2000,Other or unknown race or ethnicity,"2,560"
Biological Sciences,2001,Hispanic or Latino,"5,252"
Biological Sciences,2001,"American Indian or Alaska Native, non-Hispanic",508
Biological Sciences,2001,"Asian or Pacific Islander, non-Hispanic","8,583"
Biological Sciences,2001,"Black, non-Hispanic","5,252"
Biological Sciences,2001,"White, non-Hispanic","49,362"
Biological Sciences,2001,Other or unknown race or ethnicity,"2,727"
Biological Sciences,2002,Hispanic or Latino,"4,981"
Biological Sciences,2002,"American Indian or Alaska Native, non-Hispanic",503
Biological Sciences,2002,"Asian or Pacific Islander, non-Hispanic","8,267"
Biological Sciences,2002,"Black, non-Hispanic","5,193"
Biological Sciences,2002,"White, non-Hispanic","49,236"
Biological Sciences,2002,Other or unknown race or ethnicity,"2,965"
Biological Sciences,2003,Hispanic or Latino,"5,555"
Biological Sciences,2003,"American Indian or Alaska Native, non-Hispanic",458
Biological Sciences,2003,"Asian or Pacific Islander, non-Hispanic","8,729"
Biological Sciences,2003,"Black, non-Hispanic","5,657"
Biological Sciences,2003,"White, non-Hispanic","50,587"
Biological Sciences,2003,Other or unknown race or ethnicity,"3,284"
Biological Sciences,2004,Hispanic or Latino,"5,402"
Biological Sciences,2004,"American Indian or Alaska Native, non-Hispanic",524
Biological Sciences,2004,"Asian or Pacific Islander, non-Hispanic","9,266"
Biological Sciences,2004,"Black, non-Hispanic","5,934"
Biological Sciences,2004,"White, non-Hispanic","51,625"
Biological Sciences,2004,Other or unknown race or ethnicity,"3,538"
Biological Sciences,2005,Hispanic or Latino,"6,012"
Biological Sciences,2005,"American Indian or Alaska Native, non-Hispanic",608
Biological Sciences,2005,"Asian or Pacific Islander, non-Hispanic","10,830"
Biological Sciences,2005,"Black, non-Hispanic","6,246"
Biological Sciences,2005,"White, non-Hispanic","53,596"
Biological Sciences,2005,Other or unknown race or ethnicity,"3,907"
Biological Sciences,2006,Hispanic or Latino,"6,345"
Biological Sciences,2006,"American Indian or Alaska Native, non-Hispanic",628
Biological Sciences,2006,"Asian or Pacific Islander, non-Hispanic","12,114"
Biological Sciences,2006,"Black, non-Hispanic","6,643"
Biological Sciences,2006,"White, non-Hispanic","56,751"
Biological Sciences,2006,Other or unknown race or ethnicity,"4,329"
Biological Sciences,2007,Hispanic or Latino,"6,844"
Biological Sciences,2007,"American Indian or Alaska Native, non-Hispanic",666
Biological Sciences,2007,"Asian or Pacific Islander, non-Hispanic","13,817"
Biological Sciences,2007,"Black, non-Hispanic","7,146"
Biological Sciences,2007,"White, non-Hispanic","60,128"
Biological Sciences,2007,Other or unknown race or ethnicity,"4,948"
Biological Sciences,2008,Hispanic or Latino,"7,507"
Biological Sciences,2008,"American Indian or Alaska Native, non-Hispanic",658
Biological Sciences,2008,"Asian or Pacific Islander, non-Hispanic","15,230"
Biological Sciences,2008,"Black, non-Hispanic","7,426"
Biological Sciences,2008,"White, non-Hispanic","61,118"
Biological Sciences,2008,Other or unknown race or ethnicity,"5,785"
Biological Sciences,2009,Hispanic or Latino,"7,997"
Biological Sciences,2009,"American Indian or Alaska Native, non-Hispanic",719
Biological Sciences,2009,"Asian or Pacific Islander, non-Hispanic","15,963"
Biological Sciences,2009,"Black, non-Hispanic","7,664"
Biological Sciences,2009,"White, non-Hispanic","62,830"
Biological Sciences,2009,Other or unknown race or ethnicity,"6,175"
Biological Sciences,2010,Hispanic or Latino,"8,839"
Biological Sciences,2010,"American Indian or Alaska Native, non-Hispanic",692
Biological Sciences,2010,"Asian or Pacific Islander, non-Hispanic","16,945"
Biological Sciences,2010,"Black, non-Hispanic","7,852"
Biological Sciences,2010,"White, non-Hispanic","64,662"
Biological Sciences,2010,Other or unknown race or ethnicity,"7,184"
Biological Sciences,2011,Hispanic or Latino,"9,706"
Biological Sciences,2011,"American Indian or Alaska Native, non-Hispanic",672
Biological Sciences,2011,"Asian or Pacific Islander, non-Hispanic","17,374"
Biological Sciences,2011,"Black, non-Hispanic","8,256"
Biological Sciences,2011,"White, non-Hispanic","67,183"
Biological Sciences,2011,Other or unknown race or ethnicity,"7,955"
Biological Sciences,2012,Hispanic or Latino,"11,356"
Biological Sciences,2012,"American Indian or Alaska Native, non-Hispanic",738
Biological Sciences,2012,"Asian or Pacific Islander, non-Hispanic","18,612"
Biological Sciences,2012,"Black, non-Hispanic","8,721"
Biological Sciences,2012,"White, non-Hispanic","71,179"
Biological Sciences,2012,Other or unknown race or ethnicity,"8,401"
Biological Sciences,2013,Hispanic or Latino,"12,731"
Biological Sciences,2013,"American Indian or Alaska Native, non-Hispanic",692
Biological Sciences,2013,"Asian or Pacific Islander, non-Hispanic","19,044"
Biological Sciences,2013,"Black, non-Hispanic","9,254"
Biological Sciences,2013,"White, non-Hispanic","74,179"
Biological Sciences,2013,Other or unknown race or ethnicity,"8,739"
Biological Sciences,2014,Hispanic or Latino,"14,445"
Biological Sciences,2014,"American Indian or Alaska Native, non-Hispanic",651
Biological Sciences,2014,"Asian or Pacific Islander, non-Hispanic","19,459"
Biological Sciences,2014,"Black, non-Hispanic","9,381"
Biological Sciences,2014,"White, non-Hispanic","77,523"
Biological Sciences,2014,Other or unknown race or ethnicity,"9,309"
Biological Sciences,2015,Hispanic or Latino,"16,303"
Biological Sciences,2015,"American Indian or Alaska Native, non-Hispanic",583
Biological Sciences,2015,"Asian or Pacific Islander, non-Hispanic","20,123"
Biological Sciences,2015,"Black, non-Hispanic","9,966"
Biological Sciences,2015,"White, non-Hispanic","79,573"
Biological Sciences,2015,Other or unknown race or ethnicity,"10,021"
Psychology,1977,Hispanic or Latino,"1,985"
Psychology,1977,"American Indian or Alaska Native, non-Hispanic",204
Psychology,1977,"Asian or Pacific Islander, non-Hispanic",927
Psychology,1977,"Black, non-Hispanic","3,832"
Psychology,1977,"White, non-Hispanic","51,173"
Psychology,1977,Other or unknown race or ethnicity,28
Psychology,1979,Hispanic or Latino,"1,992"
Psychology,1979,"American Indian or Alaska Native, non-Hispanic",207
Psychology,1979,"Asian or Pacific Islander, non-Hispanic",891
Psychology,1979,"Black, non-Hispanic","3,805"
Psychology,1979,"White, non-Hispanic","46,106"
Psychology,1979,Other or unknown race or ethnicity,34
Psychology,1981,Hispanic or Latino,"2,103"
Psychology,1981,"American Indian or Alaska Native, non-Hispanic",238
Psychology,1981,"Asian or Pacific Islander, non-Hispanic",953
Psychology,1981,"Black, non-Hispanic","3,848"
Psychology,1981,"White, non-Hispanic","44,374"
Psychology,1985,Hispanic or Latino,"2,196"
Psychology,1985,"American Indian or Alaska Native, non-Hispanic",254
Psychology,1985,"Asian or Pacific Islander, non-Hispanic","1,034"
Psychology,1985,"Black, non-Hispanic","3,272"
Psychology,1985,"White, non-Hispanic","44,425"
Psychology,1985,Other or unknown race or ethnicity,545
Psychology,1987,Hispanic or Latino,"2,268"
Psychology,1987,"American Indian or Alaska Native, non-Hispanic",246
Psychology,1987,"Asian or Pacific Islander, non-Hispanic","1,336"
Psychology,1987,"Black, non-Hispanic","3,001"
Psychology,1987,"White, non-Hispanic","45,928"
Psychology,1987,Other or unknown race or ethnicity,"2,192"
Psychology,1989,Hispanic or Latino,"2,735"
Psychology,1989,"American Indian or Alaska Native, non-Hispanic",262
Psychology,1989,"Asian or Pacific Islander, non-Hispanic","1,781"
Psychology,1989,"Black, non-Hispanic","3,333"
Psychology,1989,"White, non-Hispanic","51,303"
Psychology,1989,Other or unknown race or ethnicity,"1,856"
Psychology,1990,Hispanic or Latino,"3,032"
Psychology,1990,"American Indian or Alaska Native, non-Hispanic",273
Psychology,1990,"Asian or Pacific Islander, non-Hispanic","1,867"
Psychology,1990,"Black, non-Hispanic","3,853"
Psychology,1990,"White, non-Hispanic","55,398"
Psychology,1990,Other or unknown race or ethnicity,"2,529"
Psychology,1991,Hispanic or Latino,"3,382"
Psychology,1991,"American Indian or Alaska Native, non-Hispanic",317
Psychology,1991,"Asian or Pacific Islander, non-Hispanic","2,146"
Psychology,1991,"Black, non-Hispanic","4,391"
Psychology,1991,"White, non-Hispanic","59,958"
Psychology,1991,Other or unknown race or ethnicity,"2,105"
Psychology,1992,Hispanic or Latino,"3,928"
Psychology,1992,"American Indian or Alaska Native, non-Hispanic",395
Psychology,1992,"Asian or Pacific Islander, non-Hispanic","2,437"
Psychology,1992,"Black, non-Hispanic","4,926"
Psychology,1992,"White, non-Hispanic","64,492"
Psychology,1992,Other or unknown race or ethnicity,"2,126"
Psychology,1993,Hispanic or Latino,"4,387"
Psychology,1993,"American Indian or Alaska Native, non-Hispanic",433
Psychology,1993,"Asian or Pacific Islander, non-Hispanic","2,838"
Psychology,1993,"Black, non-Hispanic","5,437"
Psychology,1993,"White, non-Hispanic","66,998"
Psychology,1993,Other or unknown race or ethnicity,"2,361"
Psychology,1994,Hispanic or Latino,"4,900"
Psychology,1994,"American Indian or Alaska Native, non-Hispanic",509
Psychology,1994,"Asian or Pacific Islander, non-Hispanic","3,181"
Psychology,1994,"Black, non-Hispanic","6,178"
Psychology,1994,"White, non-Hispanic","69,594"
Psychology,1994,Other or unknown race or ethnicity,"2,246"
Psychology,1995,Hispanic or Latino,"5,529"
Psychology,1995,"American Indian or Alaska Native, non-Hispanic",540
Psychology,1995,"Asian or Pacific Islander, non-Hispanic","3,789"
Psychology,1995,"Black, non-Hispanic","6,831"
Psychology,1995,"White, non-Hispanic","70,735"
Psychology,1995,Other or unknown race or ethnicity,"2,415"
Psychology,1996,Hispanic or Latino,"6,080"
Psychology,1996,"American Indian or Alaska Native, non-Hispanic",613
Psychology,1996,"Asian or Pacific Islander, non-Hispanic","4,148"
Psychology,1996,"Black, non-Hispanic","7,213"
Psychology,1996,"White, non-Hispanic","70,154"
Psychology,1996,Other or unknown race or ethnicity,"2,520"
Psychology,1997,Hispanic or Latino,"6,418"
Psychology,1997,"American Indian or Alaska Native, non-Hispanic",662
Psychology,1997,"Asian or Pacific Islander, non-Hispanic","4,628"
Psychology,1997,"Black, non-Hispanic","8,007"
Psychology,1997,"White, non-Hispanic","70,276"
Psychology,1997,Other or unknown race or ethnicity,"2,630"
Psychology,1998,Hispanic or Latino,"6,751"
Psychology,1998,"American Indian or Alaska Native, non-Hispanic",708
Psychology,1998,"Asian or Pacific Islander, non-Hispanic","4,825"
Psychology,1998,"Black, non-Hispanic","8,176"
Psychology,1998,"White, non-Hispanic","68,439"
Psychology,1998,Other or unknown race or ethnicity,"2,950"
Psychology,1999,Hispanic or Latino,"7,052"
Psychology,1999,"American Indian or Alaska Native, non-Hispanic",707
Psychology,1999,"Asian or Pacific Islander, non-Hispanic","4,887"
Psychology,1999,"Black, non-Hispanic","8,836"
Psychology,1999,"White, non-Hispanic","67,192"
Psychology,1999,Other or unknown race or ethnicity,"3,066"
Psychology,2000,Hispanic or Latino,"7,451"
Psychology,2000,"American Indian or Alaska Native, non-Hispanic",654
Psychology,2000,"Asian or Pacific Islander, non-Hispanic","4,903"
Psychology,2000,"Black, non-Hispanic","9,285"
Psychology,2000,"White, non-Hispanic","66,525"
Psychology,2000,Other or unknown race or ethnicity,"3,728"
Psychology,2001,Hispanic or Latino,"7,682"
Psychology,2001,"American Indian or Alaska Native, non-Hispanic",732
Psychology,2001,"Asian or Pacific Islander, non-Hispanic","4,929"
Psychology,2001,"Black, non-Hispanic","9,570"
Psychology,2001,"White, non-Hispanic","66,141"
Psychology,2001,Other or unknown race or ethnicity,"4,131"
Psychology,2002,Hispanic or Latino,"8,236"
Psychology,2002,"American Indian or Alaska Native, non-Hispanic",699
Psychology,2002,"Asian or Pacific Islander, non-Hispanic","5,010"
Psychology,2002,"Black, non-Hispanic","9,806"
Psychology,2002,"White, non-Hispanic","67,407"
Psychology,2002,Other or unknown race or ethnicity,"4,740"
Psychology,2003,Hispanic or Latino,"8,369"
Psychology,2003,"American Indian or Alaska Native, non-Hispanic",720
Psychology,2003,"Asian or Pacific Islander, non-Hispanic","4,883"
Psychology,2003,"Black, non-Hispanic","10,277"
Psychology,2003,"White, non-Hispanic","69,026"
Psychology,2003,Other or unknown race or ethnicity,"5,049"
Psychology,2004,Hispanic or Latino,"9,102"
Psychology,2004,"American Indian or Alaska Native, non-Hispanic",785
Psychology,2004,"Asian or Pacific Islander, non-Hispanic","5,261"
Psychology,2004,"Black, non-Hispanic","10,900"
Psychology,2004,"White, non-Hispanic","71,347"
Psychology,2004,Other or unknown race or ethnicity,"5,451"
Psychology,2005,Hispanic or Latino,"9,737"
Psychology,2005,"American Indian or Alaska Native, non-Hispanic",760
Psychology,2005,"Asian or Pacific Islander, non-Hispanic","5,706"
Psychology,2005,"Black, non-Hispanic","11,767"
Psychology,2005,"White, non-Hispanic","73,227"
Psychology,2005,Other or unknown race or ethnicity,"6,071"
Psychology,2006,Hispanic or Latino,"10,338"
Psychology,2006,"American Indian or Alaska Native, non-Hispanic",789
Psychology,2006,"Asian or Pacific Islander, non-Hispanic","6,294"
Psychology,2006,"Black, non-Hispanic","11,591"
Psychology,2006,"White, non-Hispanic","75,030"
Psychology,2006,Other or unknown race or ethnicity,"6,352"
Psychology,2007,Hispanic or Latino,"10,867"
Psychology,2007,"American Indian or Alaska Native, non-Hispanic",840
Psychology,2007,"Asian or Pacific Islander, non-Hispanic","6,719"
Psychology,2007,"Black, non-Hispanic","12,507"
Psychology,2007,"White, non-Hispanic","76,291"
Psychology,2007,Other or unknown race or ethnicity,"6,926"
Psychology,2008,Hispanic or Latino,"11,401"
Psychology,2008,"American Indian or Alaska Native, non-Hispanic",849
Psychology,2008,"Asian or Pacific Islander, non-Hispanic","7,052"
Psychology,2008,"Black, non-Hispanic","13,237"
Psychology,2008,"White, non-Hispanic","77,239"
Psychology,2008,Other or unknown race or ethnicity,"7,470"
Psychology,2009,Hispanic or Latino,"12,428"
Psychology,2009,"American Indian or Alaska Native, non-Hispanic",848
Psychology,2009,"Asian or Pacific Islander, non-Hispanic","7,256"
Psychology,2009,"Black, non-Hispanic","14,015"
Psychology,2009,"White, non-Hispanic","79,176"
Psychology,2009,Other or unknown race or ethnicity,"8,759"
Psychology,2010,Hispanic or Latino,"13,640"
Psychology,2010,"American Indian or Alaska Native, non-Hispanic",994
Psychology,2010,"Asian or Pacific Islander, non-Hispanic","7,527"
Psychology,2010,"Black, non-Hispanic","14,826"
Psychology,2010,"White, non-Hispanic","80,475"
Psychology,2010,Other or unknown race or ethnicity,"10,819"
Psychology,2011,Hispanic or Latino,"15,207"
Psychology,2011,"American Indian or Alaska Native, non-Hispanic",877
Psychology,2011,"Asian or Pacific Islander, non-Hispanic","7,683"
Psychology,2011,"Black, non-Hispanic","15,247"
Psychology,2011,"White, non-Hispanic","81,434"
Psychology,2011,Other or unknown race or ethnicity,"10,841"
Psychology,2012,Hispanic or Latino,"17,411"
Psychology,2012,"American Indian or Alaska Native, non-Hispanic",941
Psychology,2012,"Asian or Pacific Islander, non-Hispanic","8,432"
Psychology,2012,"Black, non-Hispanic","16,719"
Psychology,2012,"White, non-Hispanic","86,047"
Psychology,2012,Other or unknown race or ethnicity,"12,240"
Psychology,2013,Hispanic or Latino,"20,485"
Psychology,2013,"American Indian or Alaska Native, non-Hispanic",939
Psychology,2013,"Asian or Pacific Islander, non-Hispanic","8,915"
Psychology,2013,"Black, non-Hispanic","17,576"
Psychology,2013,"White, non-Hispanic","90,056"
Psychology,2013,Other or unknown race or ethnicity,"11,892"
Psychology,2014,Hispanic or Latino,"23,523"
Psychology,2014,"American Indian or Alaska Native, non-Hispanic",946
Psychology,2014,"Asian or Pacific Islander, non-Hispanic","9,192"
Psychology,2014,"Black, non-Hispanic","18,123"
Psychology,2014,"White, non-Hispanic","91,098"
Psychology,2014,Other or unknown race or ethnicity,"11,941"
Psychology,2015,Hispanic or Latino,"25,578"
Psychology,2015,"American Indian or Alaska Native, non-Hispanic",876
Psychology,2015,"Asian or Pacific Islander, non-Hispanic","9,098"
Psychology,2015,"Black, non-Hispanic","18,498"
Psychology,2015,"White, non-Hispanic","88,607"
Psychology,2015,Other or unknown race or ethnicity,"12,365"
Economics,1995,Hispanic or Latino,933
Economics,1995,"American Indian or Alaska Native, non-Hispanic",80
Economics,1995,"Asian or Pacific Islander, non-Hispanic","2,223"
Economics,1995,"Black, non-Hispanic","1,277"
Economics,1995,"White, non-Hispanic","14,550"
Economics,1995,Other or unknown race or ethnicity,600
Economics,1996,Hispanic or Latino,949
Economics,1996,"American Indian or Alaska Native, non-Hispanic",71
Economics,1996,"Asian or Pacific Islander, non-Hispanic","2,246"
Economics,1996,"Black, non-Hispanic","1,149"
Economics,1996,"White, non-Hispanic","13,368"
Economics,1996,Other or unknown race or ethnicity,695
Economics,1997,Hispanic or Latino,945
Economics,1997,"American Indian or Alaska Native, non-Hispanic",80
Economics,1997,"Asian or Pacific Islander, non-Hispanic","2,409"
Economics,1997,"Black, non-Hispanic","1,046"
Economics,1997,"White, non-Hispanic","12,990"
Economics,1997,Other or unknown race or ethnicity,595
Economics,1998,Hispanic or Latino,963
Economics,1998,"American Indian or Alaska Native, non-Hispanic",75
Economics,1998,"Asian or Pacific Islander, non-Hispanic","2,658"
Economics,1998,"Black, non-Hispanic","1,110"
Economics,1998,"White, non-Hispanic","13,179"
Economics,1998,Other or unknown race or ethnicity,670
Economics,1999,Hispanic or Latino,"1,030"
Economics,1999,"American Indian or Alaska Native, non-Hispanic",89
Economics,1999,"Asian or Pacific Islander, non-Hispanic","2,727"
Economics,1999,"Black, non-Hispanic","1,081"
Economics,1999,"White, non-Hispanic","13,340"
Economics,1999,Other or unknown race or ethnicity,755
Economics,2000,Hispanic or Latino,"1,113"
Economics,2000,"American Indian or Alaska Native, non-Hispanic",76
Economics,2000,"Asian or Pacific Islander, non-Hispanic","2,996"
Economics,2000,"Black, non-Hispanic","1,148"
Economics,2000,"White, non-Hispanic","13,383"
Economics,2000,Other or unknown race or ethnicity,895
Economics,2001,Hispanic or Latino,"1,145"
Economics,2001,"American Indian or Alaska Native, non-Hispanic",76
Economics,2001,"Asian or Pacific Islander, non-Hispanic","3,272"
Economics,2001,"Black, non-Hispanic","1,170"
Economics,2001,"White, non-Hispanic","13,696"
Economics,2001,Other or unknown race or ethnicity,999
Economics,2002,Hispanic or Latino,"1,198"
Economics,2002,"American Indian or Alaska Native, non-Hispanic",79
Economics,2002,"Asian or Pacific Islander, non-Hispanic","3,439"
Economics,2002,"Black, non-Hispanic","1,328"
Economics,2002,"White, non-Hispanic","14,627"
Economics,2002,Other or unknown race or ethnicity,"1,101"
Economics,2003,Hispanic or Latino,"1,339"
Economics,2003,"American Indian or Alaska Native, non-Hispanic",105
Economics,2003,"Asian or Pacific Islander, non-Hispanic","3,932"
Economics,2003,"Black, non-Hispanic","1,415"
Economics,2003,"White, non-Hispanic","15,513"
Economics,2003,Other or unknown race or ethnicity,"1,460"
Economics,2004,Hispanic or Latino,"1,454"
Economics,2004,"American Indian or Alaska Native, non-Hispanic",116
Economics,2004,"Asian or Pacific Islander, non-Hispanic","4,228"
Economics,2004,"Black, non-Hispanic","1,519"
Economics,2004,"White, non-Hispanic","15,989"
Economics,2004,Other or unknown race or ethnicity,"1,611"
Economics,2005,Hispanic or Latino,"1,552"
Economics,2005,"American Indian or Alaska Native, non-Hispanic",106
Economics,2005,"Asian or Pacific Islander, non-Hispanic","4,288"
Economics,2005,"Black, non-Hispanic","1,499"
Economics,2005,"White, non-Hispanic","16,197"
Economics,2005,Other or unknown race or ethnicity,"1,777"
Economics,2006,Hispanic or Latino,"1,608"
Economics,2006,"American Indian or Alaska Native, non-Hispanic",109
Economics,2006,"Asian or Pacific Islander, non-Hispanic","4,222"
Economics,2006,"Black, non-Hispanic","1,520"
Economics,2006,"White, non-Hispanic","15,928"
Economics,2006,Other or unknown race or ethnicity,"1,696"
Economics,2007,Hispanic or Latino,"1,678"
Economics,2007,"American Indian or Alaska Native, non-Hispanic",119
Economics,2007,"Asian or Pacific Islander, non-Hispanic","4,163"
Economics,2007,"Black, non-Hispanic","1,432"
Economics,2007,"White, non-Hispanic","16,057"
Economics,2007,Other or unknown race or ethnicity,"1,777"
Economics,2008,Hispanic or Latino,"1,692"
Economics,2008,"American Indian or Alaska Native, non-Hispanic",113
Economics,2008,"Asian or Pacific Islander, non-Hispanic","4,285"
Economics,2008,"Black, non-Hispanic","1,536"
Economics,2008,"White, non-Hispanic","17,143"
Economics,2008,Other or unknown race or ethnicity,"2,045"
Economics,2009,Hispanic or Latino,"1,812"
Economics,2009,"American Indian or Alaska Native, non-Hispanic",139
Economics,2009,"Asian or Pacific Islander, non-Hispanic","4,557"
Economics,2009,"Black, non-Hispanic","1,487"
Economics,2009,"White, non-Hispanic","17,918"
Economics,2009,Other or unknown race or ethnicity,"2,120"
Economics,2010,Hispanic or Latino,"2,035"
Economics,2010,"American Indian or Alaska Native, non-Hispanic",127
Economics,2010,"Asian or Pacific Islander, non-Hispanic","4,946"
Economics,2010,"Black, non-Hispanic","1,601"
Economics,2010,"White, non-Hispanic","18,112"
Economics,2010,Other or unknown race or ethnicity,"2,498"
Economics,2011,Hispanic or Latino,"2,087"
Economics,2011,"American Indian or Alaska Native, non-Hispanic",125
Economics,2011,"Asian or Pacific Islander, non-Hispanic","4,813"
Economics,2011,"Black, non-Hispanic","1,584"
Economics,2011,"White, non-Hispanic","18,390"
Economics,2011,Other or unknown race or ethnicity,"2,852"
Economics,2012,Hispanic or Latino,"2,330"
Economics,2012,"American Indian or Alaska Native, non-Hispanic",97
Economics,2012,"Asian or Pacific Islander, non-Hispanic","4,593"
Economics,2012,"Black, non-Hispanic","1,537"
Economics,2012,"White, non-Hispanic","17,868"
Economics,2012,Other or unknown race or ethnicity,"2,659"
Economics,2013,Hispanic or Latino,"2,540"
Economics,2013,"American Indian or Alaska Native, non-Hispanic",108
Economics,2013,"Asian or Pacific Islander, non-Hispanic","4,508"
Economics,2013,"Black, non-Hispanic","1,632"
Economics,2013,"White, non-Hispanic","17,544"
Economics,2013,Other or unknown race or ethnicity,"2,374"
Economics,2014,Hispanic or Latino,"2,720"
Economics,2014,"American Indian or Alaska Native, non-Hispanic",81
Economics,2014,"Asian or Pacific Islander, non-Hispanic","4,527"
Economics,2014,"Black, non-Hispanic","1,595"
Economics,2014,"White, non-Hispanic","18,233"
Economics,2014,Other or unknown race or ethnicity,"2,400"
Economics,2015,Hispanic or Latino,"3,199"
Economics,2015,"American Indian or Alaska Native, non-Hispanic",92
Economics,2015,"Asian or Pacific Islander, non-Hispanic","4,683"
Economics,2015,"Black, non-Hispanic","1,812"
Economics,2015,"White, non-Hispanic","19,268"
Economics,2015,Other or unknown race or ethnicity,"2,618"
Political Science and Public Administration,1995,Hispanic or Latino,"3,796"
Political Science and Public Administration,1995,"American Indian or Alaska Native, non-Hispanic",291
Political Science and Public Administration,1995,"Asian or Pacific Islander, non-Hispanic","2,657"
Political Science and Public Administration,1995,"Black, non-Hispanic","5,434"
Political Science and Public Administration,1995,"White, non-Hispanic","40,913"
Political Science and Public Administration,1995,Other or unknown race or ethnicity,"1,758"
Political Science and Public Administration,1996,Hispanic or Latino,"3,850"
Political Science and Public Administration,1996,"American Indian or Alaska Native, non-Hispanic",302
Political Science and Public Administration,1996,"Asian or Pacific Islander, non-Hispanic","2,669"
Political Science and Public Administration,1996,"Black, non-Hispanic","5,461"
Political Science and Public Administration,1996,"White, non-Hispanic","39,234"
Political Science and Public Administration,1996,Other or unknown race or ethnicity,"1,783"
Political Science and Public Administration,1997,Hispanic or Latino,"3,940"
Political Science and Public Administration,1997,"American Indian or Alaska Native, non-Hispanic",338
Political Science and Public Administration,1997,"Asian or Pacific Islander, non-Hispanic","2,704"
Political Science and Public Administration,1997,"Black, non-Hispanic","5,631"
Political Science and Public Administration,1997,"White, non-Hispanic","36,539"
Political Science and Public Administration,1997,Other or unknown race or ethnicity,"1,874"
Political Science and Public Administration,1998,Hispanic or Latino,"3,812"
Political Science and Public Administration,1998,"American Indian or Alaska Native, non-Hispanic",277
Political Science and Public Administration,1998,"Asian or Pacific Islander, non-Hispanic","2,801"
Political Science and Public Administration,1998,"Black, non-Hispanic","5,559"
Political Science and Public Administration,1998,"White, non-Hispanic","34,907"
Political Science and Public Administration,1998,Other or unknown race or ethnicity,"1,848"
Political Science and Public Administration,1999,Hispanic or Latino,"3,876"
Political Science and Public Administration,1999,"American Indian or Alaska Native, non-Hispanic",369
Political Science and Public Administration,1999,"Asian or Pacific Islander, non-Hispanic","2,663"
Political Science and Public Administration,1999,"Black, non-Hispanic","5,482"
Political Science and Public Administration,1999,"White, non-Hispanic","33,663"
Political Science and Public Administration,1999,Other or unknown race or ethnicity,"2,110"
Political Science and Public Administration,2000,Hispanic or Latino,"4,072"
Political Science and Public Administration,2000,"American Indian or Alaska Native, non-Hispanic",322
Political Science and Public Administration,2000,"Asian or Pacific Islander, non-Hispanic","2,761"
Political Science and Public Administration,2000,"Black, non-Hispanic","5,604"
Political Science and Public Administration,2000,"White, non-Hispanic","33,743"
Political Science and Public Administration,2000,Other or unknown race or ethnicity,"2,342"
Political Science and Public Administration,2001,Hispanic or Latino,"4,018"
Political Science and Public Administration,2001,"American Indian or Alaska Native, non-Hispanic",326
Political Science and Public Administration,2001,"Asian or Pacific Islander, non-Hispanic","2,922"
Political Science and Public Administration,2001,"Black, non-Hispanic","5,751"
Political Science and Public Administration,2001,"White, non-Hispanic","33,325"
Political Science and Public Administration,2001,Other or unknown race or ethnicity,"2,546"
Political Science and Public Administration,2002,Hispanic or Latino,"4,268"
Political Science and Public Administration,2002,"American Indian or Alaska Native, non-Hispanic",343
Political Science and Public Administration,2002,"Asian or Pacific Islander, non-Hispanic","2,994"
Political Science and Public Administration,2002,"Black, non-Hispanic","5,922"
Political Science and Public Administration,2002,"White, non-Hispanic","34,633"
Political Science and Public Administration,2002,Other or unknown race or ethnicity,"2,872"
Political Science and Public Administration,2003,Hispanic or Latino,"4,867"
Political Science and Public Administration,2003,"American Indian or Alaska Native, non-Hispanic",400
Political Science and Public Administration,2003,"Asian or Pacific Islander, non-Hispanic","3,394"
Political Science and Public Administration,2003,"Black, non-Hispanic","6,452"
Political Science and Public Administration,2003,"White, non-Hispanic","38,648"
Political Science and Public Administration,2003,Other or unknown race or ethnicity,"3,646"
Political Science and Public Administration,2004,Hispanic or Latino,"5,302"
Political Science and Public Administration,2004,"American Indian or Alaska Native, non-Hispanic",524
Political Science and Public Administration,2004,"Asian or Pacific Islander, non-Hispanic","3,823"
Political Science and Public Administration,2004,"Black, non-Hispanic","7,097"
Political Science and Public Administration,2004,"White, non-Hispanic","41,900"
Political Science and Public Administration,2004,Other or unknown race or ethnicity,"4,376"
Political Science and Public Administration,2005,Hispanic or Latino,"6,107"
Political Science and Public Administration,2005,"American Indian or Alaska Native, non-Hispanic",483
Political Science and Public Administration,2005,"Asian or Pacific Islander, non-Hispanic","4,304"
Political Science and Public Administration,2005,"Black, non-Hispanic","7,793"
Political Science and Public Administration,2005,"White, non-Hispanic","44,975"
Political Science and Public Administration,2005,Other or unknown race or ethnicity,"5,167"
Political Science and Public Administration,2006,Hispanic or Latino,"6,121"
Political Science and Public Administration,2006,"American Indian or Alaska Native, non-Hispanic",566
Political Science and Public Administration,2006,"Asian or Pacific Islander, non-Hispanic","4,528"
Political Science and Public Administration,2006,"Black, non-Hispanic","8,378"
Political Science and Public Administration,2006,"White, non-Hispanic","46,563"
Political Science and Public Administration,2006,Other or unknown race or ethnicity,"5,639"
Political Science and Public Administration,2007,Hispanic or Latino,"6,942"
Political Science and Public Administration,2007,"American Indian or Alaska Native, non-Hispanic",563
Political Science and Public Administration,2007,"Asian or Pacific Islander, non-Hispanic","4,589"
Political Science and Public Administration,2007,"Black, non-Hispanic","8,339"
Political Science and Public Administration,2007,"White, non-Hispanic","47,532"
Political Science and Public Administration,2007,Other or unknown race or ethnicity,"5,630"
Political Science and Public Administration,2008,Hispanic or Latino,"7,217"
Political Science and Public Administration,2008,"American Indian or Alaska Native, non-Hispanic",586
Political Science and Public Administration,2008,"Asian or Pacific Islander, non-Hispanic","4,793"
Political Science and Public Administration,2008,"Black, non-Hispanic","8,663"
Political Science and Public Administration,2008,"White, non-Hispanic","48,514"
Political Science and Public Administration,2008,Other or unknown race or ethnicity,"6,470"
Political Science and Public Administration,2009,Hispanic or Latino,"7,457"
Political Science and Public Administration,2009,"American Indian or Alaska Native, non-Hispanic",596
Political Science and Public Administration,2009,"Asian or Pacific Islander, non-Hispanic","4,685"
Political Science and Public Administration,2009,"Black, non-Hispanic","8,924"
Political Science and Public Administration,2009,"White, non-Hispanic","47,898"
Political Science and Public Administration,2009,Other or unknown race or ethnicity,"6,776"
Political Science and Public Administration,2010,Hispanic or Latino,"7,952"
Political Science and Public Administration,2010,"American Indian or Alaska Native, non-Hispanic",612
Political Science and Public Administration,2010,"Asian or Pacific Islander, non-Hispanic","4,969"
Political Science and Public Administration,2010,"Black, non-Hispanic","9,888"
Political Science and Public Administration,2010,"White, non-Hispanic","49,291"
Political Science and Public Administration,2010,Other or unknown race or ethnicity,"7,940"
Political Science and Public Administration,2011,Hispanic or Latino,"9,036"
Political Science and Public Administration,2011,"American Indian or Alaska Native, non-Hispanic",630
Political Science and Public Administration,2011,"Asian or Pacific Islander, non-Hispanic","5,248"
Political Science and Public Administration,2011,"Black, non-Hispanic","10,972"
Political Science and Public Administration,2011,"White, non-Hispanic","51,776"
Political Science and Public Administration,2011,Other or unknown race or ethnicity,"9,307"
Political Science and Public Administration,2012,Hispanic or Latino,"9,983"
Political Science and Public Administration,2012,"American Indian or Alaska Native, non-Hispanic",556
Political Science and Public Administration,2012,"Asian or Pacific Islander, non-Hispanic","5,157"
Political Science and Public Administration,2012,"Black, non-Hispanic","12,279"
Political Science and Public Administration,2012,"White, non-Hispanic","52,881"
Political Science and Public Administration,2012,Other or unknown race or ethnicity,"10,684"
Political Science and Public Administration,2013,Hispanic or Latino,"10,858"
Political Science and Public Administration,2013,"American Indian or Alaska Native, non-Hispanic",580
Political Science and Public Administration,2013,"Asian or Pacific Islander, non-Hispanic","5,275"
Political Science and Public Administration,2013,"Black, non-Hispanic","13,192"
Political Science and Public Administration,2013,"White, non-Hispanic","52,421"
Political Science and Public Administration,2013,Other or unknown race or ethnicity,"9,778"
Political Science and Public Administration,2014,Hispanic or Latino,"11,839"
Political Science and Public Administration,2014,"American Indian or Alaska Native, non-Hispanic",554
Political Science and Public Administration,2014,"Asian or Pacific Islander, non-Hispanic","4,983"
Political Science and Public Administration,2014,"Black, non-Hispanic","13,332"
Political Science and Public Administration,2014,"White, non-Hispanic","51,646"
Political Science and Public Administration,2014,Other or unknown race or ethnicity,"9,073"
Political Science and Public Administration,2015,Hispanic or Latino,"12,107"
Political Science and Public Administration,2015,"American Indian or Alaska Native, non-Hispanic",508
Political Science and Public Administration,2015,"Asian or Pacific Islander, non-Hispanic","4,864"
Political Science and Public Administration,2015,"Black, non-Hispanic","12,925"
Political Science and Public Administration,2015,"White, non-Hispanic","49,206"
Political Science and Public Administration,2015,Other or unknown race or ethnicity,"8,666"
English and Literature,1977,Hispanic or Latino,"1,438"
English and Literature,1977,"American Indian or Alaska Native, non-Hispanic",145
English and Literature,1977,"Asian or Pacific Islander, non-Hispanic",619
English and Literature,1977,"Black, non-Hispanic","2,671"
English and Literature,1977,"White, non-Hispanic","54,234"
English and Literature,1977,Other or unknown race or ethnicity,34
English and Literature,1979,Hispanic or Latino,"1,179"
English and Literature,1979,"American Indian or Alaska Native, non-Hispanic",129
English and Literature,1979,"Asian or Pacific Islander, non-Hispanic",570
English and Literature,1979,"Black, non-Hispanic","2,592"
English and Literature,1979,"White, non-Hispanic","47,696"
English and Literature,1979,Other or unknown race or ethnicity,21
English and Literature,1981,Hispanic or Latino,"1,113"
English and Literature,1981,"American Indian or Alaska Native, non-Hispanic",128
English and Literature,1981,"Asian or Pacific Islander, non-Hispanic",601
English and Literature,1981,"Black, non-Hispanic","2,286"
English and Literature,1981,"White, non-Hispanic","45,083"
English and Literature,1985,Hispanic or Latino,948
English and Literature,1985,"American Indian or Alaska Native, non-Hispanic",163
English and Literature,1985,"Asian or Pacific Islander, non-Hispanic",608
English and Literature,1985,"Black, non-Hispanic","1,821"
English and Literature,1985,"White, non-Hispanic","36,815"
English and Literature,1985,Other or unknown race or ethnicity,541
English and Literature,1987,Hispanic or Latino,937
English and Literature,1987,"American Indian or Alaska Native, non-Hispanic",127
English and Literature,1987,"Asian or Pacific Islander, non-Hispanic",939
English and Literature,1987,"Black, non-Hispanic","1,747"
English and Literature,1987,"White, non-Hispanic","38,691"
English and Literature,1987,Other or unknown race or ethnicity,"1,599"
English and Literature,1989,Hispanic or Latino,"1,189"
English and Literature,1989,"American Indian or Alaska Native, non-Hispanic",199
English and Literature,1989,"Asian or Pacific Islander, non-Hispanic","1,250"
English and Literature,1989,"Black, non-Hispanic","2,026"
English and Literature,1989,"White, non-Hispanic","44,822"
English and Literature,1989,Other or unknown race or ethnicity,"1,287"
English and Literature,1990,Hispanic or Latino,"1,563"
English and Literature,1990,"American Indian or Alaska Native, non-Hispanic",231
English and Literature,1990,"Asian or Pacific Islander, non-Hispanic","1,350"
English and Literature,1990,"Black, non-Hispanic","2,165"
English and Literature,1990,"White, non-Hispanic","48,883"
English and Literature,1990,Other or unknown race or ethnicity,"2,059"
English and Literature,1991,Hispanic or Latino,"1,553"
English and Literature,1991,"American Indian or Alaska Native, non-Hispanic",190
English and Literature,1991,"Asian or Pacific Islander, non-Hispanic","1,429"
English and Literature,1991,"Black, non-Hispanic","2,542"
English and Literature,1991,"White, non-Hispanic","54,024"
English and Literature,1991,Other or unknown race or ethnicity,"1,805"
English and Literature,1992,Hispanic or Latino,"1,863"
English and Literature,1992,"American Indian or Alaska Native, non-Hispanic",264
English and Literature,1992,"Asian or Pacific Islander, non-Hispanic","1,657"
English and Literature,1992,"Black, non-Hispanic","2,927"
English and Literature,1992,"White, non-Hispanic","55,510"
English and Literature,1992,Other or unknown race or ethnicity,"1,565"
English and Literature,1993,Hispanic or Latino,"2,082"
English and Literature,1993,"American Indian or Alaska Native, non-Hispanic",293
English and Literature,1993,"Asian or Pacific Islander, non-Hispanic","1,786"
English and Literature,1993,"Black, non-Hispanic","3,378"
English and Literature,1993,"White, non-Hispanic","56,114"
English and Literature,1993,Other or unknown race or ethnicity,"1,949"
English and Literature,1994,Hispanic or Latino,"2,367"
English and Literature,1994,"American Indian or Alaska Native, non-Hispanic",314
English and Literature,1994,"Asian or Pacific Islander, non-Hispanic","2,012"
English and Literature,1994,"Black, non-Hispanic","3,514"
English and Literature,1994,"White, non-Hispanic","53,351"
English and Literature,1994,Other or unknown race or ethnicity,"1,999"
English and Literature,1995,Hispanic or Latino,"2,428"
English and Literature,1995,"American Indian or Alaska Native, non-Hispanic",332
English and Literature,1995,"Asian or Pacific Islander, non-Hispanic","2,026"
English and Literature,1995,"Black, non-Hispanic","3,539"
English and Literature,1995,"White, non-Hispanic","49,071"
English and Literature,1995,Other or unknown race or ethnicity,"1,818"
English and Literature,1996,Hispanic or Latino,"2,530"
English and Literature,1996,"American Indian or Alaska Native, non-Hispanic",318
English and Literature,1996,"Asian or Pacific Islander, non-Hispanic","2,211"
English and Literature,1996,"Black, non-Hispanic","3,714"
English and Literature,1996,"White, non-Hispanic","47,150"
English and Literature,1996,Other or unknown race or ethnicity,"1,791"
English and Literature,1997,Hispanic or Latino,"2,536"
English and Literature,1997,"American Indian or Alaska Native, non-Hispanic",353
English and Literature,1997,"Asian or Pacific Islander, non-Hispanic","2,196"
English and Literature,1997,"Black, non-Hispanic","3,642"
English and Literature,1997,"White, non-Hispanic","45,784"
English and Literature,1997,Other or unknown race or ethnicity,"1,783"
English and Literature,1998,Hispanic or Latino,"2,802"
English and Literature,1998,"American Indian or Alaska Native, non-Hispanic",337
English and Literature,1998,"Asian or Pacific Islander, non-Hispanic","2,233"
English and Literature,1998,"Black, non-Hispanic","3,852"
English and Literature,1998,"White, non-Hispanic","45,532"
English and Literature,1998,Other or unknown race or ethnicity,"1,938"
English and Literature,1999,Hispanic or Latino,"2,997"
English and Literature,1999,"American Indian or Alaska Native, non-Hispanic",309
English and Literature,1999,"Asian or Pacific Islander, non-Hispanic","2,364"
English and Literature,1999,"Black, non-Hispanic","3,941"
English and Literature,1999,"White, non-Hispanic","45,662"
English and Literature,1999,Other or unknown race or ethnicity,"2,173"
English and Literature,2000,Hispanic or Latino,"3,054"
English and Literature,2000,"American Indian or Alaska Native, non-Hispanic",355
English and Literature,2000,"Asian or Pacific Islander, non-Hispanic","2,226"
English and Literature,2000,"Black, non-Hispanic","4,018"
English and Literature,2000,"White, non-Hispanic","44,773"
English and Literature,2000,Other or unknown race or ethnicity,"2,403"
English and Literature,2001,Hispanic or Latino,"2,944"
English and Literature,2001,"American Indian or Alaska Native, non-Hispanic",358
English and Literature,2001,"Asian or Pacific Islander, non-Hispanic","2,338"
English and Literature,2001,"Black, non-Hispanic","3,957"
English and Literature,2001,"White, non-Hispanic","44,120"
English and Literature,2001,Other or unknown race or ethnicity,"2,717"
English and Literature,2002,Hispanic or Latino,"3,067"
English and Literature,2002,"American Indian or Alaska Native, non-Hispanic",319
English and Literature,2002,"Asian or Pacific Islander, non-Hispanic","2,392"
English and Literature,2002,"Black, non-Hispanic","4,102"
English and Literature,2002,"White, non-Hispanic","45,265"
English and Literature,2002,Other or unknown race or ethnicity,"3,050"
English and Literature,2003,Hispanic or Latino,"3,365"
English and Literature,2003,"American Indian or Alaska Native, non-Hispanic",367
English and Literature,2003,"Asian or Pacific Islander, non-Hispanic","2,433"
English and Literature,2003,"Black, non-Hispanic","4,196"
English and Literature,2003,"White, non-Hispanic","45,613"
English and Literature,2003,Other or unknown race or ethnicity,"3,407"
English and Literature,2004,Hispanic or Latino,"3,342"
English and Literature,2004,"American Indian or Alaska Native, non-Hispanic",391
English and Literature,2004,"Asian or Pacific Islander, non-Hispanic","2,392"
English and Literature,2004,"Black, non-Hispanic","4,191"
English and Literature,2004,"White, non-Hispanic","45,768"
English and Literature,2004,Other or unknown race or ethnicity,"3,470"
English and Literature,2005,Hispanic or Latino,"3,668"
English and Literature,2005,"American Indian or Alaska Native, non-Hispanic",326
English and Literature,2005,"Asian or Pacific Islander, non-Hispanic","2,666"
English and Literature,2005,"Black, non-Hispanic","4,236"
English and Literature,2005,"White, non-Hispanic","45,928"
English and Literature,2005,Other or unknown race or ethnicity,"3,774"
English and Literature,2006,Hispanic or Latino,"3,911"
English and Literature,2006,"American Indian or Alaska Native, non-Hispanic",350
English and Literature,2006,"Asian or Pacific Islander, non-Hispanic","2,819"
English and Literature,2006,"Black, non-Hispanic","4,296"
English and Literature,2006,"White, non-Hispanic","46,120"
English and Literature,2006,Other or unknown race or ethnicity,"3,919"
English and Literature,2007,Hispanic or Latino,"4,174"
English and Literature,2007,"American Indian or Alaska Native, non-Hispanic",393
English and Literature,2007,"Asian or Pacific Islander, non-Hispanic","2,938"
English and Literature,2007,"Black, non-Hispanic","4,225"
English and Literature,2007,"White, non-Hispanic","45,607"
English and Literature,2007,Other or unknown race or ethnicity,"4,141"
English and Literature,2008,Hispanic or Latino,"4,427"
English and Literature,2008,"American Indian or Alaska Native, non-Hispanic",375
English and Literature,2008,"Asian or Pacific Islander, non-Hispanic","2,961"
English and Literature,2008,"Black, non-Hispanic","4,302"
English and Literature,2008,"White, non-Hispanic","45,164"
English and Literature,2008,Other or unknown race or ethnicity,"4,286"
English and Literature,2009,Hispanic or Latino,"4,788"
English and Literature,2009,"American Indian or Alaska Native, non-Hispanic",408
English and Literature,2009,"Asian or Pacific Islander, non-Hispanic","3,090"
English and Literature,2009,"Black, non-Hispanic","4,252"
English and Literature,2009,"White, non-Hispanic","45,351"
English and Literature,2009,Other or unknown race or ethnicity,"4,397"
English and Literature,2010,Hispanic or Latino,"4,724"
English and Literature,2010,"American Indian or Alaska Native, non-Hispanic",382
English and Literature,2010,"Asian or Pacific Islander, non-Hispanic","2,830"
English and Literature,2010,"Black, non-Hispanic","4,093"
English and Literature,2010,"White, non-Hispanic","43,392"
English and Literature,2010,Other or unknown race or ethnicity,"4,761"
English and Literature,2011,Hispanic or Latino,"5,237"
English and Literature,2011,"American Indian or Alaska Native, non-Hispanic",341
English and Literature,2011,"Asian or Pacific Islander, non-Hispanic","2,741"
English and Literature,2011,"Black, non-Hispanic","4,071"
English and Literature,2011,"White, non-Hispanic","42,385"
English and Literature,2011,Other or unknown race or ethnicity,"5,044"
English and Literature,2012,Hispanic or Latino,"5,592"
English and Literature,2012,"American Indian or Alaska Native, non-Hispanic",327
English and Literature,2012,"Asian or Pacific Islander, non-Hispanic","2,761"
English and Literature,2012,"Black, non-Hispanic","4,274"
English and Literature,2012,"White, non-Hispanic","42,452"
English and Literature,2012,Other or unknown race or ethnicity,"5,027"
English and Literature,2013,Hispanic or Latino,"6,086"
English and Literature,2013,"American Indian or Alaska Native, non-Hispanic",298
English and Literature,2013,"Asian or Pacific Islander, non-Hispanic","2,799"
English and Literature,2013,"Black, non-Hispanic","4,253"
English and Literature,2013,"White, non-Hispanic","41,258"
English and Literature,2013,Other or unknown race or ethnicity,"4,662"
English and Literature,2014,Hispanic or Latino,"6,258"
English and Literature,2014,"American Indian or Alaska Native, non-Hispanic",281
English and Literature,2014,"Asian or Pacific Islander, non-Hispanic","2,607"
English and Literature,2014,"Black, non-Hispanic","4,191"
English and Literature,2014,"White, non-Hispanic","38,654"
English and Literature,2014,Other or unknown race or ethnicity,"4,613"
English and Literature,2015,Hispanic or Latino,"6,253"
English and Literature,2015,"American Indian or Alaska Native, non-Hispanic",250
English and Literature,2015,"Asian or Pacific Islander, non-Hispanic","2,249"
English and Literature,2015,"Black, non-Hispanic","3,784"
English and Literature,2015,"White, non-Hispanic","34,882"
English and Literature,2015,Other or unknown race or ethnicity,"4,364"
Arts and Music,1977,Hispanic or Latino,"1,135"
Arts and Music,1977,"American Indian or Alaska Native, non-Hispanic",206
Arts and Music,1977,"Asian or Pacific Islander, non-Hispanic",831
Arts and Music,1977,"Black, non-Hispanic","1,993"
Arts and Music,1977,"White, non-Hispanic","46,102"
Arts and Music,1977,Other or unknown race or ethnicity,263
Arts and Music,1979,Hispanic or Latino,910
Arts and Music,1979,"American Indian or Alaska Native, non-Hispanic",203
Arts and Music,1979,"Asian or Pacific Islander, non-Hispanic",859
Arts and Music,1979,"Black, non-Hispanic","2,146"
Arts and Music,1979,"White, non-Hispanic","44,947"
Arts and Music,1979,Other or unknown race or ethnicity,283
Arts and Music,1981,Hispanic or Latino,999
Arts and Music,1981,"American Indian or Alaska Native, non-Hispanic",211
Arts and Music,1981,"Asian or Pacific Islander, non-Hispanic",955
Arts and Music,1981,"Black, non-Hispanic","2,119"
Arts and Music,1981,"White, non-Hispanic","44,144"
Arts and Music,1981,Other or unknown race or ethnicity,238
Arts and Music,1985,Hispanic or Latino,"1,318"
Arts and Music,1985,"American Indian or Alaska Native, non-Hispanic",299
Arts and Music,1985,"Asian or Pacific Islander, non-Hispanic","1,305"
Arts and Music,1985,"Black, non-Hispanic","2,137"
Arts and Music,1985,"White, non-Hispanic","44,949"
Arts and Music,1985,Other or unknown race or ethnicity,"1,542"
Arts and Music,1987,Hispanic or Latino,"1,246"
Arts and Music,1987,"American Indian or Alaska Native, non-Hispanic",354
Arts and Music,1987,"Asian or Pacific Islander, non-Hispanic","1,484"
Arts and Music,1987,"Black, non-Hispanic","1,857"
Arts and Music,1987,"White, non-Hispanic","41,881"
Arts and Music,1987,Other or unknown race or ethnicity,"2,791"
Arts and Music,1989,Hispanic or Latino,"1,552"
Arts and Music,1989,"American Indian or Alaska Native, non-Hispanic",203
Arts and Music,1989,"Asian or Pacific Islander, non-Hispanic","1,792"
Arts and Music,1989,"Black, non-Hispanic","1,702"
Arts and Music,1989,"White, non-Hispanic","41,699"
Arts and Music,1989,Other or unknown race or ethnicity,"2,099"
Arts and Music,1990,Hispanic or Latino,"1,649"
Arts and Music,1990,"American Indian or Alaska Native, non-Hispanic",262
Arts and Music,1990,"Asian or Pacific Islander, non-Hispanic","1,768"
Arts and Music,1990,"Black, non-Hispanic","1,819"
Arts and Music,1990,"White, non-Hispanic","44,541"
Arts and Music,1990,Other or unknown race or ethnicity,"2,167"
Arts and Music,1991,Hispanic or Latino,"1,809"
Arts and Music,1991,"American Indian or Alaska Native, non-Hispanic",291
Arts and Music,1991,"Asian or Pacific Islander, non-Hispanic","1,966"
Arts and Music,1991,"Black, non-Hispanic","2,063"
Arts and Music,1991,"White, non-Hispanic","47,422"
Arts and Music,1991,Other or unknown race or ethnicity,"1,635"
Arts and Music,1992,Hispanic or Latino,"2,900"
Arts and Music,1992,"American Indian or Alaska Native, non-Hispanic",387
Arts and Music,1992,"Asian or Pacific Islander, non-Hispanic","2,808"
Arts and Music,1992,"Black, non-Hispanic","2,988"
Arts and Music,1992,"White, non-Hispanic","58,411"
Arts and Music,1992,Other or unknown race or ethnicity,"2,629"
Arts and Music,1993,Hispanic or Latino,"3,141"
Arts and Music,1993,"American Indian or Alaska Native, non-Hispanic",401
Arts and Music,1993,"Asian or Pacific Islander, non-Hispanic","3,300"
Arts and Music,1993,"Black, non-Hispanic","3,262"
Arts and Music,1993,"White, non-Hispanic","58,540"
Arts and Music,1993,Other or unknown race or ethnicity,"2,669"
Arts and Music,1994,Hispanic or Latino,"3,433"
Arts and Music,1994,"American Indian or Alaska Native, non-Hispanic",427
Arts and Music,1994,"Asian or Pacific Islander, non-Hispanic","3,469"
Arts and Music,1994,"Black, non-Hispanic","3,295"
Arts and Music,1994,"White, non-Hispanic","59,205"
Arts and Music,1994,Other or unknown race or ethnicity,"4,454"
Arts and Music,1995,Hispanic or Latino,"3,512"
Arts and Music,1995,"American Indian or Alaska Native, non-Hispanic",449
Arts and Music,1995,"Asian or Pacific Islander, non-Hispanic","3,578"
Arts and Music,1995,"Black, non-Hispanic","3,219"
Arts and Music,1995,"White, non-Hispanic","58,007"
Arts and Music,1995,Other or unknown race or ethnicity,"3,210"
Arts and Music,1996,Hispanic or Latino,"4,181"
Arts and Music,1996,"American Indian or Alaska Native, non-Hispanic",476
Arts and Music,1996,"Asian or Pacific Islander, non-Hispanic","3,978"
Arts and Music,1996,"Black, non-Hispanic","3,362"
Arts and Music,1996,"White, non-Hispanic","58,709"
Arts and Music,1996,Other or unknown race or ethnicity,"2,780"
Arts and Music,1997,Hispanic or Latino,"4,290"
Arts and Music,1997,"American Indian or Alaska Native, non-Hispanic",466
Arts and Music,1997,"Asian or Pacific Islander, non-Hispanic","4,100"
Arts and Music,1997,"Black, non-Hispanic","3,592"
Arts and Music,1997,"White, non-Hispanic","58,637"
Arts and Music,1997,Other or unknown race or ethnicity,"2,806"
Arts and Music,1998,Hispanic or Latino,"4,634"
Arts and Music,1998,"American Indian or Alaska Native, non-Hispanic",513
Arts and Music,1998,"Asian or Pacific Islander, non-Hispanic","4,488"
Arts and Music,1998,"Black, non-Hispanic","3,777"
Arts and Music,1998,"White, non-Hispanic","60,377"
Arts and Music,1998,Other or unknown race or ethnicity,"3,165"
Arts and Music,1999,Hispanic or Latino,"5,291"
Arts and Music,1999,"American Indian or Alaska Native, non-Hispanic",626
Arts and Music,1999,"Asian or Pacific Islander, non-Hispanic","4,917"
Arts and Music,1999,"Black, non-Hispanic","4,132"
Arts and Music,1999,"White, non-Hispanic","63,077"
Arts and Music,1999,Other or unknown race or ethnicity,"3,862"
Arts and Music,2000,Hispanic or Latino,"5,489"
Arts and Music,2000,"American Indian or Alaska Native, non-Hispanic",595
Arts and Music,2000,"Asian or Pacific Islander, non-Hispanic","4,975"
Arts and Music,2000,"Black, non-Hispanic","4,433"
Arts and Music,2000,"White, non-Hispanic","65,837"
Arts and Music,2000,Other or unknown race or ethnicity,"5,052"
Arts and Music,2001,Hispanic or Latino,"6,072"
Arts and Music,2001,"American Indian or Alaska Native, non-Hispanic",625
Arts and Music,2001,"Asian or Pacific Islander, non-Hispanic","5,213"
Arts and Music,2001,"Black, non-Hispanic","4,892"
Arts and Music,2001,"White, non-Hispanic","68,293"
Arts and Music,2001,Other or unknown race or ethnicity,"5,546"
Arts and Music,2002,Hispanic or Latino,"7,285"
Arts and Music,2002,"American Indian or Alaska Native, non-Hispanic",749
Arts and Music,2002,"Asian or Pacific Islander, non-Hispanic","6,051"
Arts and Music,2002,"Black, non-Hispanic","5,420"
Arts and Music,2002,"White, non-Hispanic","73,984"
Arts and Music,2002,Other or unknown race or ethnicity,"6,253"
Arts and Music,2003,Hispanic or Latino,"7,713"
Arts and Music,2003,"American Indian or Alaska Native, non-Hispanic",741
Arts and Music,2003,"Asian or Pacific Islander, non-Hispanic","6,266"
Arts and Music,2003,"Black, non-Hispanic","5,895"
Arts and Music,2003,"White, non-Hispanic","77,590"
Arts and Music,2003,Other or unknown race or ethnicity,"8,016"
Arts and Music,2004,Hispanic or Latino,"8,726"
Arts and Music,2004,"American Indian or Alaska Native, non-Hispanic",842
Arts and Music,2004,"Asian or Pacific Islander, non-Hispanic","6,668"
Arts and Music,2004,"Black, non-Hispanic","6,658"
Arts and Music,2004,"White, non-Hispanic","81,591"
Arts and Music,2004,Other or unknown race or ethnicity,"9,580"
Arts and Music,2005,Hispanic or Latino,"8,816"
Arts and Music,2005,"American Indian or Alaska Native, non-Hispanic",795
Arts and Music,2005,"Asian or Pacific Islander, non-Hispanic","6,926"
Arts and Music,2005,"Black, non-Hispanic","6,506"
Arts and Music,2005,"White, non-Hispanic","83,226"
Arts and Music,2005,Other or unknown race or ethnicity,"10,698"
Arts and Music,2006,Hispanic or Latino,"9,137"
Arts and Music,2006,"American Indian or Alaska Native, non-Hispanic",878
Arts and Music,2006,"Asian or Pacific Islander, non-Hispanic","7,124"
Arts and Music,2006,"Black, non-Hispanic","7,017"
Arts and Music,2006,"White, non-Hispanic","84,162"
Arts and Music,2006,Other or unknown race or ethnicity,"12,060"
Arts and Music,2007,Hispanic or Latino,"9,774"
Arts and Music,2007,"American Indian or Alaska Native, non-Hispanic",906
Arts and Music,2007,"Asian or Pacific Islander, non-Hispanic","7,114"
Arts and Music,2007,"Black, non-Hispanic","7,205"
Arts and Music,2007,"White, non-Hispanic","87,965"
Arts and Music,2007,Other or unknown race or ethnicity,"12,862"
Arts and Music,2008,Hispanic or Latino,"10,107"
Arts and Music,2008,"American Indian or Alaska Native, non-Hispanic",924
Arts and Music,2008,"Asian or Pacific Islander, non-Hispanic","7,609"
Arts and Music,2008,"Black, non-Hispanic","7,245"
Arts and Music,2008,"White, non-Hispanic","87,909"
Arts and Music,2008,Other or unknown race or ethnicity,"12,826"
Arts and Music,2009,Hispanic or Latino,"10,833"
Arts and Music,2009,"American Indian or Alaska Native, non-Hispanic",897
Arts and Music,2009,"Asian or Pacific Islander, non-Hispanic","7,433"
Arts and Music,2009,"Black, non-Hispanic","7,490"
Arts and Music,2009,"White, non-Hispanic","87,376"
Arts and Music,2009,Other or unknown race or ethnicity,"12,606"
Arts and Music,2010,Hispanic or Latino,"11,599"
Arts and Music,2010,"American Indian or Alaska Native, non-Hispanic",913
Arts and Music,2010,"Asian or Pacific Islander, non-Hispanic","7,768"
Arts and Music,2010,"Black, non-Hispanic","7,902"
Arts and Music,2010,"White, non-Hispanic","89,576"
Arts and Music,2010,Other or unknown race or ethnicity,"13,623"
Arts and Music,2011,Hispanic or Latino,"13,244"
Arts and Music,2011,"American Indian or Alaska Native, non-Hispanic",958
Arts and Music,2011,"Asian or Pacific Islander, non-Hispanic","7,989"
Arts and Music,2011,"Black, non-Hispanic","8,479"
Arts and Music,2011,"White, non-Hispanic","91,556"
Arts and Music,2011,Other or unknown race or ethnicity,"14,960"
Arts and Music,2012,Hispanic or Latino,"14,958"
Arts and Music,2012,"American Indian or Alaska Native, non-Hispanic",984
Arts and Music,2012,"Asian or Pacific Islander, non-Hispanic","8,176"
Arts and Music,2012,"Black, non-Hispanic","9,057"
Arts and Music,2012,"White, non-Hispanic","93,485"
Arts and Music,2012,Other or unknown race or ethnicity,"15,945"
Arts and Music,2013,Hispanic or Latino,"16,450"
Arts and Music,2013,"American Indian or Alaska Native, non-Hispanic","1,009"
Arts and Music,2013,"Asian or Pacific Islander, non-Hispanic","8,488"
Arts and Music,2013,"Black, non-Hispanic","9,435"
Arts and Music,2013,"White, non-Hispanic","93,524"
Arts and Music,2013,Other or unknown race or ethnicity,"15,128"
Arts and Music,2014,Hispanic or Latino,"17,384"
Arts and Music,2014,"American Indian or Alaska Native, non-Hispanic",934
Arts and Music,2014,"Asian or Pacific Islander, non-Hispanic","8,239"
Arts and Music,2014,"Black, non-Hispanic","10,139"
Arts and Music,2014,"White, non-Hispanic","91,049"
Arts and Music,2014,Other or unknown race or ethnicity,"14,727"
Arts and Music,2015,Hispanic or Latino,"18,768"
Arts and Music,2015,"American Indian or Alaska Native, non-Hispanic",906
Arts and Music,2015,"Asian or Pacific Islander, non-Hispanic","8,140"
Arts and Music,2015,"Black, non-Hispanic","10,450"
Arts and Music,2015,"White, non-Hispanic","88,003"
Arts and Music,2015,Other or unknown race or ethnicity,"14,792"